Date,Precipitation,Temp Max,Temp Min,Wind,-
2012/01/01,0.0,12.8,41.0 F,4.710858197573892,drizzle
2012/01/02,10.9,,37.04 F,4.527452907432201,r
2012/01/03,0.8,11.7,44.96 F,2.315751645867754,r.
2012/01/03,0.8,11.7,44.96 F,2.315751645867754,r.
2012/01/04,20.3,12.2,42.08 F,4.7195430776132214,r
2012/01/05,1.3,,37.04 F,6.124592182666211,rain
2012/01/06,2.5,4.4,35.96 F,2.2169364782601364,r.
2012/01/07,0.0,,37.04 F,2.3298110997544565,r.
2012/01/08,0.0,,37.04 F,2.0116485886466333,s
2012/01/09,4.3,9.4,41.0 F,3.4399323488712548,Rain
2012/01/10,1.0,6.1,33.08 F,3.4029769933800367,rain
2012/01/11,0.0,6.1,30.02 F,5.118461920116288,sun
2012/01/12,0.0,6.1,28.94 F,1.9112228000342062,Sun
2012/01/13,0.0,5.0,26.96 F,1.310321996886421,sun
2012/01/14,nan,4.4,33.08 F,5.31317485982268,Snow
2012/01/15,5.3,,26.060000000000002 F,3.2254311411287495,Snow
2012/01/16,2.5,1.7,26.96 F,5.037201047554948,sn.
2012/01/17,8.1,,32.0 F,5.613430492603548,sn.
2012/01/18,19.8,0.0,26.96 F,5.026791998558296,sw
2012/01/19,15.2,-1.1,26.96 F,1.6274433741976657,sn.
2012/01/20,13.5,,30.02 F,2.3060793888197466,Snow
2012/01/21,3.0,8.3,37.94 F,8.211209829479442,r
2012/01/22,6.1,6.7,35.96 F,4.827987109271549,rain
2012/01/23,0.0,8.3,33.98 F,3.627628613511654,Rain
2012/01/24,8.6,,35.96 F,5.123664283655231,r
2012/01/25,8.1,8.9,39.92 F,5.4239039845176915,r.
2012/01/26,4.8,8.9,33.98 F,4.828173791898962,Rain
2012/01/27,0.0,6.7,28.04 F,1.4349084880376337,d
2012/01/28,0.0,6.7,33.08 F,2.223182146649084,rain
2012/01/29,27.7,9.4,39.019999999999996 F,4.502385453170793,Rain
2012/01/30,3.6,8.3,42.980000000000004 F,5.112907282189091,Rain
2012/01/31,1.8,,42.980000000000004 F,3.9038877781706964,r
2012/02/01,13.5,8.9,37.94 F,2.715379403361945,r
2012/02/02,0.0,8.3,35.06 F,2.6279620050173773,s.
2012/02/03,0.0,14.4,35.96 F,5.318082511474572,s.
2012/02/04,0.0,15.6,41.0 F,4.339983762412109,Sun
2012/02/05,0.0,13.9,35.06 F,2.9285234513252427,sun
2012/02/06,0.0,16.1,35.06 F,5.022804474000407,s.
2012/02/07,0.3,15.6,46.04 F,5.316800608752173,rain
2012/02/08,2.8,10.0,41.0 F,2.713811775051877,r
2012/02/09,2.5,,46.04 F,2.4214004723901192,r
2012/02/10,2.5,12.8,44.06 F,3.0223136080278077,r.
2012/02/11,0.8,8.9,42.08 F,3.431451943960436,Rain
2012/02/12,1.0,8.3,41.0 F,1.321072552563627,r
2012/02/12,1.0,8.3,41.0 F,1.321072552563627,r
2012/02/13,11.4,,39.92 F,1.4039527669668697,rain
2012/02/14,2.5,6.7,33.98 F,3.108159009594929,Rain
2012/02/15,0.0,7.2,33.08 F,1.8332123441520778,driz.
2012/02/16,1.8,7.2,37.94 F,2.136608178530995,r
2012/02/17,17.3,10.0,39.92 F,3.419381919603391,r.
2012/02/18,6.4,,39.019999999999996 F,8.114682365769367,Rain
2012/02/19,0.0,6.7,35.96 F,4.726592469783608,Sun
2012/02/20,3.0,,35.06 F,2.9072630614185333,Rain
2012/02/21,nan,10.0,46.04 F,7.509954474498371,rain
2012/02/22,8.6,10.0,37.04 F,5.913088173177714,Rain
2012/02/23,0.0,8.3,37.04 F,3.9310143733601084,Sun
2012/02/24,nan,6.7,39.92 F,3.5320348026909367,r
2012/02/25,0.0,7.2,37.04 F,6.4390229844909275,rain
2012/02/26,1.3,,30.02 F,3.430206298236866,snow
2012/02/27,0.0,6.7,28.04 F,3.0209945462312477,s.
2012/02/28,3.6,6.7,30.92 F,4.206010492215011,Snow
2012/02/29,0.8,5.0,33.98 F,7.037086870832617,sw
2012/03/01,0.0,6.1,33.98 F,3.123422359560091,s.
2012/03/02,nan,6.7,39.019999999999996 F,5.114809384770491,Rain
2012/03/03,0.0,12.2,44.06 F,7.032222590530411,sun
2012/03/04,0.0,10.6,44.06 F,5.6121458299803795,Rain
2012/03/05,6.9,,33.98 F,6.220224913239583,Rain
2012/03/06,nan,6.7,32.0 F,2.7302406224168627,sw
2012/03/07,0.0,8.9,28.94 F,2.713757679555529,s
2012/03/08,0.0,15.6,33.08 F,2.5397782072744786,s
2012/03/09,3.6,9.4,41.0 F,2.809961420935261,r.
2012/03/10,10.4,7.2,42.980000000000004 F,3.409198152457039,r
2012/03/11,13.7,6.7,37.04 F,5.835736508137458,r.
2012/03/12,19.3,8.3,33.08 F,6.222994152242291,Snow
2012/03/13,9.4,5.6,33.08 F,5.332964532731738,sn.
2012/03/14,8.6,,33.98 F,4.701681358308819,r.
2012/03/15,23.9,11.1,42.08 F,5.81928168998225,sw
2012/03/16,8.4,8.9,39.019999999999996 F,5.137991264594374,r
2012/03/17,9.4,10.0,33.08 F,3.830032068813601,snow
2012/03/18,3.6,5.0,30.92 F,2.7060665461059337,r.
2012/03/19,2.0,,30.02 F,3.021741526981193,Rain
2012/03/20,3.6,,35.96 F,6.40794333593111,rain
2012/03/21,1.3,8.9,33.98 F,2.513296890696546,rain
2012/03/22,4.1,,35.06 F,2.100484301877342,rain
2012/03/23,0.0,12.2,33.08 F,2.816181907261223,s
2012/03/23,0.0,12.2,33.08 F,2.816181907261223,s
2012/03/24,0.0,15.0,37.94 F,5.201998415662274,s
2012/03/25,0.0,13.3,35.96 F,2.7043429629675826,r
2012/03/26,0.0,,42.980000000000004 F,4.31549390708953,Drizzle
2012/03/27,4.8,14.4,44.06 F,3.811229041548961,r.
2012/03/28,1.3,10.6,44.96 F,5.919808873407025,rain
2012/03/29,nan,10.0,42.980000000000004 F,4.406777233211144,r
2012/03/30,5.6,9.4,41.0 F,4.718085121975567,r.
2012/03/31,13.2,,37.04 F,3.4041116758706695,rain
2012/04/01,1.5,8.9,39.92 F,6.810253782313616,r.
2012/04/02,0.0,16.7,39.92 F,3.121013022527078,sun
2012/04/03,nan,11.7,37.94 F,3.1296323380613993,r.
2012/04/04,0.0,10.6,37.04 F,2.1301104104996136,s
2012/04/05,4.6,9.4,37.04 F,1.814493542528954,sn.
2012/04/06,0.3,,37.94 F,2.6093674526281134,r.
2012/04/07,0.0,16.1,35.06 F,4.319148007486881,sun
2012/04/08,0.0,21.1,44.96 F,4.114930062520728,s.
2012/04/09,0.0,20.0,42.980000000000004 F,2.1290161021232987,Sun
2012/04/10,0.0,17.8,48.019999999999996 F,3.2369006658454107,rain
2012/04/11,2.3,11.1,44.96 F,2.628570873965474,r.
2012/04/12,0.5,,42.08 F,2.629131395716713,Rain
2012/04/13,0.0,,39.019999999999996 F,4.02721161726325,drizzle
2012/04/14,0.0,,37.94 F,3.018393911099262,s
2012/04/15,0.0,16.1,44.96 F,2.9344650375393537,rain
2012/04/16,8.1,13.3,44.06 F,5.8307495408108725,rain
2012/04/17,1.8,10.0,39.92 F,2.012242007508038,r.
2012/04/18,1.8,13.3,44.96 F,3.911743234332218,Rain
2012/04/19,10.9,13.9,41.0 F,2.637430845971445,rain
2012/04/20,6.6,,44.06 F,2.7236960252133366,rain
2012/04/21,0.0,20.0,39.92 F,2.3182955543798434,sun
2012/04/22,0.0,23.3,46.94 F,2.6233690306358737,r.
2012/04/23,0.0,21.7,48.019999999999996 F,3.5317266244194236,sun
2012/04/24,nan,13.9,50.0 F,2.8231942592890626,Rain
2012/04/25,10.7,16.7,48.019999999999996 F,2.603806460866393,r.
2012/04/26,3.8,,44.06 F,5.216636823431831,r
2012/04/27,0.8,,42.980000000000004 F,4.812179080540081,r
2012/04/28,0.0,,46.94 F,2.505730718707843,driz.
2012/04/29,4.3,,48.019999999999996 F,1.6093762169552772,Rain
2012/04/30,4.3,,44.96 F,8.024784758842891,r.
2012/05/01,0.5,11.7,42.980000000000004 F,6.439764156656641,r.
2012/05/02,0.5,13.3,42.08 F,2.525929647893127,r.
2012/05/02,0.5,13.3,42.08 F,2.525929647893127,r.
2012/05/03,18.5,11.1,44.96 F,3.4098609949976244,r.
2012/05/04,1.8,,42.980000000000004 F,4.605862081977236,rain
2012/05/05,0.0,13.3,41.0 F,2.3018627864611956,s
2012/05/06,0.0,17.8,41.0 F,2.423239148694807,Sun
2012/05/07,0.0,23.9,42.980000000000004 F,2.2100993732408782,sun
2012/05/08,0.0,18.3,48.92 F,3.0181547076106465,s
2012/05/09,0.0,13.3,44.06 F,3.9158698964423504,r.
2012/05/10,0.0,,39.019999999999996 F,3.031178452227047,s
2012/05/11,0.0,,39.92 F,4.331223134615143,s
2012/05/12,0.0,24.4,44.06 F,3.4225665609581344,sun
2012/05/13,0.0,25.6,48.92 F,4.238839007202132,sun
2012/05/14,0.0,26.7,55.040000000000006 F,3.8265548182520646,Sun
2012/05/15,nan,24.4,48.92 F,4.112834324598865,driz.
2012/05/16,0.0,19.4,48.92 F,3.5238273332344945,s.
2012/05/17,0.0,17.8,44.06 F,2.9333982107518595,r.
2012/05/18,0.0,,46.04 F,3.1213043940307075,r
2012/05/19,0.0,,44.96 F,1.5348948881087536,s
2012/05/20,6.4,,53.06 F,1.3151097215610374,r.
2012/05/21,14.0,,50.0 F,4.038921341923794,Rain
2012/05/22,nan,,48.019999999999996 F,4.824239189746412,r
2012/05/23,0.3,14.4,48.019999999999996 F,6.317424320679009,Rain
2012/05/24,0.0,17.2,48.019999999999996 F,3.3389159181463874,r
2012/05/25,0.0,,48.019999999999996 F,3.114290014079627,rain
2012/05/26,nan,22.2,48.019999999999996 F,3.6345720205107774,sun
2012/05/27,0.0,17.2,53.06 F,3.7215320622379395,s.
2012/05/28,0.0,,50.0 F,3.437988614660455,rain
2012/05/29,0.0,16.1,46.04 F,1.8248358454324745,s
2012/05/30,0.3,,51.980000000000004 F,1.5315335886315407,r
2012/05/31,3.8,17.8,53.96 F,2.7269261678047476,rain
2012/06/01,6.6,20.0,55.040000000000006 F,3.709550811684239,rain
2012/06/02,0.3,18.9,51.08 F,3.7248349513774346,rain
2012/06/03,0.0,,48.92 F,2.9099196070578084,s.
2012/06/04,1.3,12.8,48.019999999999996 F,3.1067230285937892,rain
2012/06/05,16.0,13.3,46.94 F,3.3299091387287048,r
2012/06/06,0.0,16.1,42.980000000000004 F,3.4367237506895343,sun
2012/06/07,16.5,16.1,48.019999999999996 F,3.5392246685179996,r.
2012/06/08,1.5,15.0,46.94 F,3.018423238083099,r.
2012/06/09,0.0,17.2,46.94 F,4.700003686859632,r
2012/06/10,nan,,50.0 F,2.9260015862511928,s
2012/06/11,0.0,23.3,50.0 F,1.813994236270005,rain
2012/06/11,0.0,23.3,50.0 F,1.813994236270005,rain
2012/06/12,nan,18.3,55.040000000000006 F,3.908750678015564,r
2012/06/13,0.0,,51.980000000000004 F,4.313929813790244,Sun
2012/06/14,0.0,17.2,50.0 F,2.709830671837619,s
2012/06/15,0.0,22.2,48.92 F,1.7020155306913605,Sun
2012/06/16,0.0,,59.0 F,4.132025572705499,Rain
2012/06/17,0.0,18.9,53.06 F,6.439184799307187,s
2012/06/18,3.0,17.2,50.0 F,3.833904706168608,Rain
2012/06/19,1.0,19.4,50.0 F,3.034951161005032,r
2012/06/20,0.0,24.4,50.0 F,3.0132216462152037,s
2012/06/21,0.0,23.9,53.06 F,2.117441216722799,s.
2012/06/22,15.7,13.9,53.06 F,1.9312814183637397,Rain
2012/06/23,8.6,15.6,48.92 F,2.512021401150154,Rain
2012/06/24,0.0,,48.92 F,2.0093240760657505,drizzle
2012/06/25,0.5,19.4,51.980000000000004 F,3.133288434265288,r
2012/06/26,0.0,18.3,51.08 F,3.415710100244363,r.
2012/06/27,nan,22.8,48.019999999999996 F,1.8100829739217885,s.
2012/06/28,0.0,22.2,53.06 F,2.535418685144844,rain
2012/06/29,0.3,21.7,59.0 F,1.9072279530275564,Rain
2012/06/30,3.0,20.0,55.94 F,2.4014111690786364,r.
2012/07/01,0.0,20.0,53.96 F,2.3356760500136957,Rain
2012/07/02,2.0,18.9,53.06 F,2.1389728629801015,r.
2012/07/03,5.8,18.3,51.08 F,6.027521710224212,r.
2012/07/04,0.0,20.6,48.92 F,3.8129061085259837,s
2012/07/05,0.0,,51.08 F,3.1016730864717643,Drizzle
2012/07/06,0.0,25.0,51.980000000000004 F,2.124133822339335,s.
2012/07/07,0.0,26.7,55.040000000000006 F,3.811399411798021,s
2012/07/08,nan,,57.92 F,2.8369601408862772,r.
2012/07/09,1.5,25.0,55.040000000000006 F,2.012375423362681,r
2012/07/10,nan,,51.980000000000004 F,2.314910304175958,d
2012/07/11,0.0,27.8,55.94 F,2.935923947782161,Fog
2012/07/12,0.0,,55.94 F,2.7091007646019514,d
2012/07/13,0.5,23.3,57.019999999999996 F,2.2059882704364484,r.
2012/07/14,0.0,25.0,59.0 F,2.2159835354073265,rain
2012/07/15,0.0,18.9,55.94 F,3.835157797397307,r.
2012/07/16,0.3,26.1,55.94 F,2.500646225939413,r.
2012/07/17,nan,,59.0 F,2.6086945861455595,s
2012/07/18,0.0,21.1,57.92 F,2.926111849387662,s.
2012/07/19,0.0,,57.92 F,2.2228648794706105,s
2012/07/20,15.2,,57.019999999999996 F,4.025177164951278,Rain
2012/07/21,0.0,23.9,57.019999999999996 F,2.319761568412917,s
2012/07/21,0.0,23.9,57.019999999999996 F,2.319761568412917,s
2012/07/22,1.0,20.6,53.96 F,3.9263507530055484,Rain
2012/07/23,0.0,,51.980000000000004 F,3.306016974920017,rain
2012/07/24,0.0,23.3,53.96 F,4.307106763276398,s.
2012/07/25,nan,26.7,55.040000000000006 F,2.6357784451742403,Sun
2012/07/26,0.0,25.6,55.040000000000006 F,2.201568497311417,drizzle
2012/07/27,0.0,18.9,57.019999999999996 F,2.814576595755942,d
2012/07/28,nan,22.2,55.94 F,1.7068517075599017,drizzle
2012/07/29,0.0,,59.0 F,2.011707654251757,Sun
2012/07/30,0.0,19.4,55.94 F,3.022580514199693,s.
2012/07/31,0.0,,57.019999999999996 F,2.810648187839464,sun
2012/08/01,0.0,23.9,55.94 F,2.201381050750477,drizzle
2012/08/02,0.0,23.3,53.96 F,2.529196704144504,s
2012/08/03,0.0,27.2,55.040000000000006 F,3.9076720312477295,s
2012/08/04,0.0,33.9,62.06 F,3.71847308374207,s.
2012/08/05,0.0,,64.03999999999999 F,1.9206600998446721,s
2012/08/06,0.0,28.3,60.08 F,2.522577020279844,Rain
2012/08/07,0.0,,59.0 F,2.6107589514277953,Drizzle
2012/08/08,0.0,22.2,59.0 F,3.129264178478031,sun
2012/08/09,0.0,,57.92 F,3.8059314735992267,d
2012/08/10,0.0,,53.96 F,2.3067707592443756,s
2012/08/11,0.0,,55.94 F,2.536533484077773,sun
2012/08/12,0.0,,59.0 F,3.004734752639889,s.
2012/08/13,0.0,30.6,59.0 F,2.8302454624323614,s
2012/08/14,0.0,28.9,57.019999999999996 F,2.8214116613358704,s
2012/08/15,0.0,31.1,62.06 F,4.715586731830779,s.
2012/08/16,nan,,64.94 F,2.8248404278348693,s
2012/08/17,0.0,,60.980000000000004 F,1.8388520000891964,Sun
2012/08/18,0.0,21.7,57.92 F,3.0059618865475017,Drizzle
2012/08/19,0.0,23.3,59.0 F,2.7327264057136924,driz.
2012/08/20,0.0,25.6,59.0 F,1.9315152059928105,s.
2012/08/21,0.0,23.3,55.94 F,3.008086705726876,Rain
2012/08/22,0.0,,55.94 F,2.3263864462734283,Sun
2012/08/23,0.0,21.1,57.019999999999996 F,3.804787200809671,Sun
2012/08/24,0.0,,50.0 F,3.311952649986712,Sun
2012/08/25,0.0,26.1,53.06 F,3.2289492569697527,s.
2012/08/26,0.0,21.1,53.96 F,3.4395939554224526,s.
2012/08/27,0.0,23.9,55.94 F,1.8020774968889188,sun
2012/08/28,0.0,22.8,53.96 F,3.236575481521679,s.
2012/08/29,0.0,22.8,55.94 F,2.411197013435832,Sun
2012/08/30,0.0,22.8,55.040000000000006 F,1.9204568861260485,s
2012/08/30,0.0,22.8,55.040000000000006 F,1.9204568861260485,s
2012/08/31,0.0,22.2,51.08 F,2.9096734138607014,Sun
2012/09/01,0.0,21.7,51.08 F,2.112375626422139,Sun
2012/09/02,0.0,,50.0 F,2.0141638840103617,s.
2012/09/03,0.0,22.8,55.040000000000006 F,3.3203671465968565,sun
2012/09/04,0.0,,51.980000000000004 F,3.108282685274707,s
2012/09/05,0.0,26.1,53.06 F,2.636277865977813,s
2012/09/06,0.0,28.3,57.92 F,4.231136143981099,sun
2012/09/07,0.0,32.2,55.94 F,3.112328513788192,Sun
2012/09/08,0.0,25.0,55.94 F,3.0277517587947966,s.
2012/09/09,0.3,18.9,57.019999999999996 F,5.016737776586705,Rain
2012/09/10,0.3,20.0,53.06 F,3.9210695804496187,r
2012/09/11,0.0,20.0,48.019999999999996 F,4.2187631227541695,s
2012/09/12,nan,22.2,50.0 F,5.622979847491791,Sun
2012/09/13,0.0,27.8,53.06 F,3.610162582531456,s
2012/09/14,0.0,,51.980000000000004 F,1.5267683481121628,s.
2012/09/15,0.0,22.2,51.980000000000004 F,1.911885802312569,s
2012/09/16,0.0,24.4,48.92 F,2.329163342920952,s.
2012/09/17,0.0,27.8,53.06 F,2.2299438529519624,Fog
2012/09/18,0.0,,53.06 F,1.4351737646099076,Sun
2012/09/19,0.0,,53.06 F,1.9322966282619392,driz.
2012/09/20,0.0,19.4,50.0 F,2.5352178103497978,driz.
2012/09/21,0.0,16.1,55.040000000000006 F,2.11856544138465,driz.
2012/09/22,0.3,19.4,53.06 F,1.109512415620636,r
2012/09/23,0.0,19.4,50.0 F,1.4325940063024933,Fog
2012/09/24,0.0,,50.0 F,1.8313446144048557,f
2012/09/25,0.0,,51.980000000000004 F,1.7206320565114916,s
2012/09/26,0.0,19.4,48.92 F,1.7110165999562779,driz.
2012/09/27,0.0,,50.0 F,1.7009357190846777,d
2012/09/28,0.0,,53.96 F,1.1190145252356558,rain
2012/09/29,0.0,20.6,53.96 F,4.328680051869002,sun
2012/09/30,0.0,21.1,46.04 F,3.1359789556763684,sun
2012/10/01,0.0,23.3,48.019999999999996 F,3.0322352968763573,sun
2012/10/02,0.0,,50.0 F,4.1309006734606974,sun
2012/10/03,0.0,18.9,46.04 F,7.3328223382525834,s.
2012/10/04,0.0,18.9,46.94 F,6.539434065309758,s
2012/10/05,0.0,21.7,48.019999999999996 F,5.718634596429293,s
2012/10/06,0.0,23.9,46.04 F,5.129027546928669,sun
2012/10/07,0.0,23.9,46.04 F,1.3010282027558906,s
2012/10/08,0.0,21.1,46.04 F,1.9178656413280555,sun
2012/10/09,0.0,16.1,48.019999999999996 F,1.6121033042835924,d
2012/10/09,0.0,16.1,48.019999999999996 F,1.6121033042835924,d
2012/10/10,0.0,,46.94 F,1.4349488202816636,driz.
2012/10/11,0.0,13.9,44.96 F,1.3052615521094824,Drizzle
2012/10/12,nan,,48.019999999999996 F,4.620364852219049,rain
2012/10/13,4.8,15.6,53.96 F,3.9050912106000584,r.
2012/10/14,16.5,,55.94 F,3.4170374312149465,r.
2012/10/15,7.9,17.2,51.980000000000004 F,4.621224122202779,rain
2012/10/16,0.0,16.1,46.94 F,5.522381248074559,sun
2012/10/17,0.0,14.4,42.980000000000004 F,1.632625453184397,s.
2012/10/18,20.8,17.8,44.06 F,2.0379449313126567,rain
2012/10/19,4.8,,48.92 F,5.3023574561292754,rain
2012/10/20,0.5,11.1,42.980000000000004 F,5.720890832509372,Rain
2012/10/21,6.4,11.7,39.92 F,2.707115374188023,Rain
2012/10/22,8.9,7.8,37.94 F,2.6239717023099227,rain
2012/10/23,0.0,11.1,42.08 F,3.0370367131897744,r.
2012/10/24,7.1,11.7,42.980000000000004 F,2.11482217172192,r
2012/10/25,0.0,11.7,44.06 F,1.5378556370282987,sun
2012/10/26,1.5,11.1,44.96 F,2.5340320966210537,rain
2012/10/27,23.1,14.4,48.92 F,5.117486416116617,r
2012/10/28,6.1,14.4,50.0 F,3.8278465795263106,r
2012/10/29,10.9,15.6,50.0 F,4.900243275091592,r
2012/10/30,34.5,,53.96 F,2.8352619375115413,Rain
2012/10/31,14.5,15.6,51.980000000000004 F,2.7094222621869526,Rain
2012/11/01,9.7,,51.08 F,3.0157472939502816,Rain
2012/11/02,5.6,15.0,51.08 F,1.0083703668062631,r.
2012/11/03,0.5,15.6,51.980000000000004 F,3.6309725145173988,rain
2012/11/04,8.1,17.8,55.040000000000006 F,3.819097098594791,Rain
2012/11/05,0.8,15.0,46.04 F,4.02197942140445,r.
2012/11/06,0.3,12.8,44.06 F,3.522291159839227,r.
2012/11/07,0.0,12.2,39.019999999999996 F,3.405593333366953,r
2012/11/08,0.0,10.0,33.98 F,3.400398749581328,r
2012/11/09,0.0,,33.98 F,2.0277847902272255,Rain
2012/11/10,0.0,7.8,30.92 F,2.215158907157114,sun
2012/11/11,15.2,8.9,33.98 F,3.015614763510195,rain
2012/11/12,3.6,,42.980000000000004 F,3.010396427780618,rain
2012/11/13,5.3,,46.04 F,2.502096391986985,r.
2012/11/14,nan,,41.0 F,2.631688483767058,r.
2012/11/15,0.0,9.4,37.04 F,2.4315589921877843,driz.
2012/11/16,5.6,9.4,35.96 F,1.6135828745123186,r.
2012/11/17,6.1,12.2,42.980000000000004 F,5.333717716264765,rain
2012/11/18,7.9,,42.980000000000004 F,4.933047458066943,rain
2012/11/18,7.9,,42.980000000000004 F,4.933047458066943,rain
2012/11/19,54.1,,46.94 F,6.0369974052439535,r
2012/11/20,3.8,11.1,44.96 F,4.239892971095885,rain
2012/11/21,11.2,8.3,39.019999999999996 F,5.521979851815292,r.
2012/11/22,nan,,37.04 F,1.5162475521952175,r.
2012/11/23,32.0,,42.980000000000004 F,2.4283496284387587,Rain
2012/11/24,0.0,8.9,39.019999999999996 F,1.230740950617759,rain
2012/11/25,0.0,8.3,33.98 F,3.611721766804839,drizzle
2012/11/26,0.0,,35.06 F,3.8118804976762513,f
2012/11/27,0.0,10.0,35.06 F,1.5218387469437182,s
2012/11/28,2.8,,35.96 F,2.91250460319715,r.
2012/11/29,nan,12.8,46.04 F,4.203043558220698,Rain
2012/11/30,nan,15.0,46.04 F,4.60848687893413,rain
2012/12/01,4.1,13.3,46.94 F,5.5149976797134315,rain
2012/12/02,19.6,8.3,44.96 F,6.213552678285866,Rain
2012/12/03,13.0,,44.96 F,4.40265326166218,rain
2012/12/04,14.2,,44.96 F,6.222994441355832,r
2012/12/05,1.5,8.9,39.92 F,5.0182175048515765,Rain
2012/12/06,1.5,,42.980000000000004 F,5.1140946110639005,rain
2012/12/07,1.0,7.8,37.94 F,4.603663542191495,r
2012/12/08,0.0,6.7,37.94 F,2.0069347536139976,s
2012/12/09,1.5,6.7,37.04 F,2.1371436065257674,r.
2012/12/10,0.5,7.2,42.08 F,1.8333630884311711,rain
2012/12/11,3.0,7.8,42.08 F,4.527695527495431,Rain
2012/12/12,8.1,6.7,39.92 F,2.010041691117215,r
2012/12/13,2.3,7.2,37.94 F,2.817231718027236,r
2012/12/14,7.9,6.1,33.98 F,1.7284555764677663,r.
2012/12/15,5.3,4.4,33.08 F,5.135025853673011,Snow
2012/12/16,nan,6.7,37.94 F,5.512452880351516,sn.
2012/12/17,2.0,8.3,35.06 F,9.51201065260097,r
2012/12/18,3.3,3.9,33.08 F,5.302292950370238,snow
2012/12/19,13.7,8.3,35.06 F,5.819981112915283,Snow
2012/12/20,13.2,7.2,33.08 F,3.720248191226197,rain
2012/12/21,1.8,8.3,28.94 F,1.7367823259240278,rain
2012/12/22,3.3,8.3,39.019999999999996 F,3.5384055686326557,r.
2012/12/23,6.6,7.2,37.94 F,2.522718853433569,r
2012/12/24,0.3,5.6,37.04 F,2.827107136665668,rain
2012/12/25,13.5,5.6,37.04 F,4.22998528390352,Snow
2012/12/26,4.6,6.7,37.94 F,4.936346924534761,r.
2012/12/27,4.1,7.8,37.94 F,3.2015235559122868,Rain
2012/12/28,0.0,,39.019999999999996 F,1.7065616554437526,rain
2012/12/28,0.0,,39.019999999999996 F,1.7065616554437526,rain
2012/12/29,1.5,5.0,37.94 F,1.7169920356312027,Rain
2012/12/30,0.0,4.4,32.0 F,1.801968548887746,driz.
2012/12/31,0.0,,30.02 F,2.000017103324902,driz.
2013/01/01,0.0,5.0,26.96 F,2.7131087366278708,s
2013/01/02,0.0,,30.02 F,3.229219558961318,Sun
2013/01/03,4.1,6.7,28.94 F,3.0383907330742153,r.
2013/01/04,2.5,10.0,35.96 F,2.8097492467834977,r.
2013/01/05,3.0,6.7,39.92 F,3.121179967069935,r
2013/01/06,2.0,7.2,37.04 F,3.0139396204226525,r.
2013/01/07,2.3,10.0,39.92 F,7.3033570884829295,rain
2013/01/08,16.3,11.7,42.08 F,6.3327404341110745,Rain
2013/01/09,38.4,10.0,35.06 F,5.116586814988885,r
2013/01/10,0.3,,30.92 F,2.1146086112218367,snow
2013/01/11,0.0,2.8,26.96 F,1.9203309679123595,drizzle
2013/01/12,0.0,2.8,24.98 F,2.036350303748247,Sun
2013/01/13,0.0,2.2,24.08 F,1.526081557748214,s
2013/01/14,0.0,3.3,28.04 F,1.3266676642533963,s.
2013/01/15,0.0,,30.92 F,2.3131946596191524,s
2013/01/16,0.0,6.1,24.98 F,1.805690676223986,driz.
2013/01/17,0.0,3.9,26.96 F,1.0268078534568414,Drizzle
2013/01/18,0.0,3.3,30.02 F,1.3122530530406626,Drizzle
2013/01/19,0.0,1.1,30.92 F,1.9284712881855417,drizzle
2013/01/20,0.0,3.3,30.92 F,2.1021922584174715,drizzle
2013/01/21,0.0,2.2,28.94 F,1.1074573586104812,drizzle
2013/01/22,0.0,3.3,28.94 F,0.6179961356411287,Drizzle
2013/01/23,5.1,,35.96 F,3.121806963655931,r.
2013/01/24,5.8,,33.98 F,2.6274193137131934,Rain
2013/01/25,3.0,10.6,37.04 F,2.1270690485489605,Rain
2013/01/26,2.3,8.3,39.019999999999996 F,4.5011926109276565,rain
2013/01/27,1.8,,39.019999999999996 F,4.52383299771997,r
2013/01/28,nan,6.1,37.94 F,3.219416149906836,rain
2013/01/29,4.3,8.3,41.0 F,3.9004752314087296,r
2013/01/30,3.6,,44.06 F,3.913693584540675,r.
2013/01/31,3.0,9.4,44.96 F,4.018296256225712,r.
2013/02/01,0.3,11.7,41.0 F,2.923470097168027,r.
2013/02/02,0.0,6.1,37.04 F,2.032496698344219,drizzle
2013/02/03,2.3,8.9,37.04 F,2.9255288256339327,rain
2013/02/04,0.0,10.6,44.06 F,2.609742273837777,rain
2013/02/05,3.3,10.0,44.06 F,5.114983650314199,Rain
2013/02/06,1.0,10.6,42.980000000000004 F,4.509600378557559,rain
2013/02/06,1.0,10.6,42.980000000000004 F,4.509600378557559,rain
2013/02/07,1.3,9.4,37.94 F,4.131857670465989,Rain
2013/02/08,0.0,7.8,35.96 F,1.3180312144365869,s.
2013/02/09,0.3,8.3,39.92 F,1.302893089566222,rain
2013/02/10,0.0,8.9,35.06 F,2.0224753561971047,Drizzle
2013/02/11,nan,,39.92 F,1.412069998835113,r.
2013/02/12,1.0,,44.96 F,5.6351429566654945,r.
2013/02/13,2.3,9.4,44.96 F,4.101074127367132,rain
2013/02/14,1.0,9.4,42.08 F,2.2156451333167215,r
2013/02/15,0.0,,41.0 F,2.430428101506894,d
2013/02/16,0.0,11.1,39.019999999999996 F,5.63366487344779,r.
2013/02/17,0.0,9.4,39.92 F,3.4179664397198932,r
2013/02/18,0.0,7.8,39.019999999999996 F,1.9179099436378506,r
2013/02/19,0.0,10.6,35.06 F,3.436271631948739,Sun
2013/02/20,1.5,,33.98 F,2.100309714424191,Rain
2013/02/21,0.5,6.7,39.019999999999996 F,6.203482804860633,Rain
2013/02/22,9.4,,39.019999999999996 F,8.121542084232848,r.
2013/02/23,0.3,10.0,39.019999999999996 F,4.635301354036417,r
2013/02/24,0.0,8.9,41.0 F,5.506714273049244,rain
2013/02/25,2.3,10.6,37.94 F,7.120064979811712,r
2013/02/26,0.5,8.9,39.019999999999996 F,3.811335866960328,r.
2013/02/27,4.6,10.0,39.92 F,1.8196451193972196,Rain
2013/02/28,8.1,11.7,44.06 F,3.829063004131469,r.
2013/03/01,4.1,15.0,51.980000000000004 F,5.406611042176933,Rain
2013/03/02,0.8,13.9,41.0 F,4.500790214695865,r.
2013/03/03,0.0,11.1,35.96 F,2.8302507637569945,sun
2013/03/04,0.0,13.3,32.0 F,3.917949396924781,Sun
2013/03/05,nan,9.4,42.980000000000004 F,2.424656559470114,Rain
2013/03/06,11.9,,41.0 F,4.103125274002737,r
2013/03/07,7.4,,41.0 F,2.5196703643362843,r.
2013/03/08,nan,11.7,35.96 F,2.604826949794141,d
2013/03/09,0.0,,33.98 F,1.3054389226228564,f.
2013/03/10,0.8,7.8,39.019999999999996 F,1.6289501038871184,rain
2013/03/11,1.3,,42.980000000000004 F,1.1083997527198755,r
2013/03/12,2.0,,50.0 F,5.723402303057946,Rain
2013/03/13,2.3,,48.92 F,3.7026300642526992,rain
2013/03/14,2.8,,48.92 F,3.0196904929676136,r.
2013/03/15,0.0,14.4,48.019999999999996 F,4.307178021072577,Rain
2013/03/16,nan,10.6,39.92 F,6.428686440668687,r.
2013/03/17,0.0,8.9,39.019999999999996 F,6.128057766009129,Sun
2013/03/18,0.0,11.7,39.019999999999996 F,5.916522491103434,r.
2013/03/18,0.0,11.7,39.019999999999996 F,5.916522491103434,r.
2013/03/19,11.7,12.8,35.06 F,3.4000439066708266,Rain
2013/03/20,9.9,11.1,39.92 F,7.620414386133771,r.
2013/03/21,8.1,,35.96 F,4.934056183264689,sw
2013/03/22,0.0,9.4,33.08 F,2.2184567768918453,Sun
2013/03/23,nan,10.0,33.98 F,2.62619504233228,Sun
2013/03/24,0.0,12.2,33.08 F,2.1179233033171676,s
2013/03/25,nan,,39.92 F,2.818262797481653,s.
2013/03/26,0.0,16.7,42.980000000000004 F,1.7217862153253398,Sun
2013/03/27,nan,,44.96 F,1.6271289059908387,r
2013/03/28,2.0,16.1,46.94 F,1.332453905051716,r.
2013/03/29,0.0,18.3,46.04 F,2.5121000628951773,Rain
2013/03/30,0.0,20.0,42.08 F,4.417128094320605,Drizzle
2013/03/31,0.0,,44.06 F,2.9306575021576844,s.
2013/04/01,0.0,,46.94 F,3.60897822099603,s
2013/04/02,nan,13.9,48.019999999999996 F,2.238254108036108,Sun
2013/04/03,0.0,16.7,46.04 F,1.6102117939373923,s.
2013/04/04,8.4,14.4,50.0 F,3.011790884759,Fog
2013/04/05,18.5,,50.0 F,5.6075436438974045,f.
2013/04/06,12.7,12.2,44.96 F,5.02455684990036,Fog
2013/04/07,39.1,8.3,41.0 F,3.9134524468206187,fog
2013/04/08,0.8,13.3,42.980000000000004 F,3.107170097931618,f
2013/04/09,0.0,12.2,42.980000000000004 F,2.4007672744536084,s
2013/04/10,9.4,15.0,48.019999999999996 F,6.420186854015343,sun
2013/04/11,nan,,44.06 F,3.8385192155461767,f.
2013/04/12,9.7,7.8,39.92 F,4.619908353994681,f
2013/04/13,9.4,,37.94 F,5.716392782827618,f.
2013/04/14,nan,12.8,39.92 F,2.305211987465511,Fog
2013/04/15,0.0,13.9,39.92 F,2.4050323850378277,fog
2013/04/16,0.3,,37.94 F,2.622387751609173,s.
2013/04/17,0.0,15.0,39.019999999999996 F,3.3189619565276973,driz.
2013/04/18,5.3,11.7,44.06 F,4.0217228770210305,f
2013/04/19,20.6,13.3,48.92 F,4.911102246897174,Fog
2013/04/20,0.0,13.9,46.94 F,5.823600855210145,s
2013/04/21,nan,12.2,44.06 F,4.11380874694289,Sun
2013/04/22,0.0,16.1,41.0 F,4.333825551249138,s
2013/04/23,0.0,17.8,39.019999999999996 F,2.8212203759606105,s.
2013/04/24,0.0,21.1,42.980000000000004 F,3.001231854777031,s.
2013/04/25,0.0,21.7,44.06 F,1.1264575506379428,sun
2013/04/26,0.0,,46.94 F,2.212291816056525,f.
2013/04/27,0.0,13.9,51.08 F,5.9140065338968295,s.
2013/04/27,0.0,13.9,51.08 F,5.9140065338968295,s.
2013/04/28,1.0,15.0,48.92 F,5.2059293883059725,driz.
2013/04/29,3.8,,44.06 F,4.205906346537365,f.
2013/04/30,0.0,12.8,39.92 F,2.4056263126332693,sun
2013/05/01,0.0,18.3,37.94 F,3.124799624099094,Sun
2013/05/02,0.0,,44.06 F,4.027333553842664,sun
2013/05/03,0.0,,48.92 F,4.911251302991081,sun
2013/05/04,0.0,25.0,51.980000000000004 F,6.509623927626626,s
2013/05/05,0.0,,53.06 F,5.305104679304058,Sun
2013/05/06,0.0,30.6,53.96 F,2.0385640360064925,s
2013/05/07,0.0,20.6,51.980000000000004 F,3.3372631701127378,sun
2013/05/08,0.0,,51.980000000000004 F,1.9147535593258143,s.
2013/05/09,0.0,22.8,50.0 F,1.3031628360487881,Sun
2013/05/10,0.0,26.1,48.92 F,1.0001029630817513,s.
2013/05/11,0.0,27.2,53.96 F,2.610129345330483,sun
2013/05/12,6.6,,57.019999999999996 F,3.922641141123075,fog
2013/05/13,3.3,18.9,48.92 F,5.036062274944672,sun
2013/05/14,0.0,18.3,46.04 F,2.414650086848768,Sun
2013/05/15,1.0,,48.019999999999996 F,2.305096830695716,f
2013/05/16,nan,21.7,53.96 F,2.722252857933532,f
2013/05/17,0.5,17.2,53.06 F,3.712239953488271,s.
2013/05/18,0.0,16.7,51.980000000000004 F,2.9038630375179806,Sun
2013/05/19,0.0,,51.08 F,2.3381603612529114,s.
2013/05/20,0.0,,48.92 F,1.8081542613935115,s.
2013/05/21,13.7,15.6,46.94 F,4.828265288961392,f
2013/05/22,13.7,,44.96 F,3.0250063564089875,Fog
2013/05/23,4.1,,44.06 F,1.9341772081720239,fog
2013/05/24,0.3,,48.019999999999996 F,2.71875334727405,s.
2013/05/25,0.0,17.8,50.0 F,2.717362877523363,sun
2013/05/26,1.5,,51.08 F,2.208299221044762,Fog
2013/05/27,9.7,16.7,51.980000000000004 F,3.1332006540372763,f.
2013/05/28,0.5,17.2,53.06 F,2.8368412659736,fog
2013/05/29,5.6,,48.92 F,4.005166416054206,fog
2013/05/30,0.0,16.7,48.92 F,5.315211585258504,s
2013/05/31,0.0,19.4,51.980000000000004 F,2.5303668083257476,Sun
2013/06/01,0.0,22.8,53.96 F,2.503486839359058,Sun
2013/06/02,1.0,20.6,53.96 F,3.13427529119486,Sun
2013/06/03,0.0,22.2,51.980000000000004 F,2.9215540034658,s.
2013/06/04,0.0,26.1,53.96 F,3.429840906423458,s
2013/06/05,0.0,26.7,57.92 F,3.129786931673634,s.
2013/06/06,0.0,26.7,53.96 F,2.539624102741805,Sun
2013/06/06,0.0,26.7,53.96 F,2.539624102741805,Sun
2013/06/07,0.0,21.7,55.94 F,3.2078146769209943,s.
2013/06/08,0.0,20.6,55.040000000000006 F,3.103951623056045,sun
2013/06/09,0.0,20.6,51.980000000000004 F,3.712895564572037,s.
2013/06/10,0.0,21.7,53.06 F,3.2336809751171285,s.
2013/06/11,0.0,20.0,50.0 F,5.7223308086558475,Sun
2013/06/12,0.3,20.6,53.06 F,4.226177375022277,sun
2013/06/13,0.0,21.1,53.06 F,2.6164971317949433,Sun
2013/06/14,0.0,20.0,53.96 F,3.7144424519055996,sun
2013/06/15,0.0,25.6,50.0 F,2.923027642461564,sun
2013/06/16,0.0,23.9,55.040000000000006 F,3.429996071023692,sun
2013/06/17,0.0,25.6,57.019999999999996 F,3.006187842994296,Sun
2013/06/18,0.3,,55.94 F,3.432031320035644,fog
2013/06/19,0.0,20.0,55.040000000000006 F,3.7246122700413062,s
2013/06/20,3.0,,55.040000000000006 F,5.020671677557631,s
2013/06/21,0.3,20.6,53.96 F,1.5305117719228971,s
2013/06/22,0.0,,53.06 F,1.7171230923059704,s
2013/06/23,7.9,,59.0 F,2.1170075227928544,Fog
2013/06/24,4.8,,57.019999999999996 F,3.7002923182549243,f.
2013/06/25,nan,,57.92 F,2.828190769844669,s.
2013/06/26,2.0,,59.0 F,2.3008822206169253,f
2013/06/27,3.6,,62.06 F,1.313670807362853,f.
2013/06/28,0.0,30.6,60.980000000000004 F,2.229020784792871,s
2013/06/29,0.0,30.0,64.94 F,1.717362839321772,s
2013/06/30,nan,,62.96 F,2.5125680202906393,s.
2013/07/01,0.0,31.7,64.94 F,2.3102132463533867,s.
2013/07/02,nan,28.3,60.08 F,3.03803822996896,sun
2013/07/03,0.0,26.1,62.06 F,3.2157437402769413,s
2013/07/04,0.0,21.7,57.019999999999996 F,2.2201309085390455,f.
2013/07/05,0.0,23.3,57.019999999999996 F,2.603833788364251,s.
2013/07/06,nan,26.1,55.94 F,2.2285522339416324,s.
2013/07/07,0.0,23.9,57.019999999999996 F,2.9080455952196957,sun
2013/07/08,0.0,26.7,55.94 F,2.8157174000734293,s
2013/07/09,0.0,30.0,59.0 F,2.5259071617665874,s
2013/07/10,0.0,22.2,57.019999999999996 F,2.6145352848797643,Sun
2013/07/11,0.0,,53.96 F,3.0151643534747876,sun
2013/07/12,0.0,19.4,55.94 F,2.2128894216550656,sun
2013/07/13,0.0,26.1,51.980000000000004 F,3.1111628649331715,s
2013/07/14,0.0,27.8,55.040000000000006 F,3.01363273838733,Sun
2013/07/15,0.0,27.8,57.92 F,4.606466515321499,Sun
2013/07/16,0.0,31.1,64.94 F,4.114870075852524,s
2013/07/16,0.0,31.1,64.94 F,4.114870075852524,s
2013/07/17,nan,22.2,59.0 F,3.7038638518370814,r.
2013/07/18,0.0,26.1,57.019999999999996 F,2.014146375644379,sun
2013/07/19,0.0,27.8,55.94 F,1.9276426846418944,Sun
2013/07/20,0.0,,55.94 F,2.0223670723934877,s.
2013/07/21,0.0,23.9,55.040000000000006 F,2.3168170477852637,Sun
2013/07/22,0.0,26.1,55.94 F,2.4107056092824304,f.
2013/07/23,nan,31.1,57.019999999999996 F,3.0363946649701514,s.
2013/07/24,0.0,,57.92 F,2.528195581934834,sun
2013/07/25,0.0,,55.040000000000006 F,2.310100765402465,Sun
2013/07/26,0.0,31.1,57.92 F,2.9329743971822277,Sun
2013/07/27,0.0,25.6,55.040000000000006 F,2.6347136080901286,s.
2013/07/28,0.0,21.1,53.96 F,3.418423689640623,f
2013/07/29,0.0,25.0,55.94 F,1.4011404167515462,Sun
2013/07/30,0.0,25.0,55.94 F,2.8187659050518885,sun
2013/07/31,0.0,,55.94 F,1.8034605210207322,s
2013/08/01,0.0,20.6,55.94 F,3.906781095217304,Sun
2013/08/02,2.0,17.2,59.0 F,2.0297211966174693,sun
2013/08/03,0.0,25.0,60.08 F,2.4070124074983035,f
2013/08/04,0.0,28.9,59.0 F,3.4207260868050504,Sun
2013/08/05,0.0,30.0,59.0 F,2.1077404602482495,sun
2013/08/06,0.0,,57.019999999999996 F,1.410137625971318,s
2013/08/07,0.0,,57.019999999999996 F,1.9264513898479245,Sun
2013/08/08,0.0,28.3,57.92 F,2.5353932117020097,s
2013/08/09,0.0,28.3,57.92 F,2.101484268285245,r.
2013/08/10,2.3,25.6,59.0 F,2.9343697193997644,s.
2013/08/11,0.0,25.0,57.92 F,2.90133999162149,s
2013/08/12,0.0,25.6,60.980000000000004 F,1.905594376124047,s.
2013/08/13,0.0,27.8,59.0 F,1.8110313315169793,s.
2013/08/14,0.8,27.2,59.0 F,2.000802310288724,s
2013/08/15,nan,21.1,62.96 F,1.0013092101079988,s.
2013/08/16,0.0,28.9,60.980000000000004 F,2.207816494239178,f
2013/08/17,0.0,25.6,62.96 F,3.0253689980237772,s
2013/08/18,0.0,26.1,60.08 F,3.1083727212564427,s.
2013/08/19,0.0,26.7,60.08 F,3.039443253795964,Sun
2013/08/20,0.0,25.6,60.980000000000004 F,4.618537107669237,s
2013/08/21,0.0,27.8,59.0 F,4.321808558890645,s
2013/08/22,0.0,28.9,59.0 F,1.9130868647250499,Sun
2013/08/23,nan,25.0,60.980000000000004 F,4.113106368105959,s.
2013/08/24,0.0,,62.06 F,2.7166175963339136,sun
2013/08/25,0.3,22.2,60.980000000000004 F,2.607103307950929,Sun
2013/08/25,0.3,22.2,60.980000000000004 F,2.607103307950929,Sun
2013/08/26,1.0,24.4,60.980000000000004 F,1.9023883243288178,sun
2013/08/27,1.3,26.7,62.96 F,1.4356661559120307,s.
2013/08/28,5.6,26.7,60.08 F,1.3306471239115367,f
2013/08/29,19.3,23.9,64.94 F,3.0389990140141405,s
2013/08/30,0.0,,60.980000000000004 F,2.904630606191406,s.
2013/08/31,0.0,27.8,57.019999999999996 F,2.617543704710005,s.
2013/09/01,0.0,27.8,60.08 F,2.5033897636502735,s.
2013/09/02,0.0,27.8,62.96 F,2.1311453119970403,s.
2013/09/03,2.3,,62.06 F,1.7374713183535921,f.
2013/09/04,0.3,22.8,60.980000000000004 F,2.407045785944382,f.
2013/09/05,27.7,,60.08 F,2.5036244944628843,s.
2013/09/06,21.3,,60.980000000000004 F,2.62791239301883,f
2013/09/07,0.0,23.3,62.96 F,2.0236681657681834,sun
2013/09/08,0.0,26.7,57.92 F,1.5344089194997113,fog
2013/09/09,0.0,26.1,57.019999999999996 F,2.1021495386847224,s
2013/09/10,0.0,26.7,59.0 F,3.72782541662576,Sun
2013/09/11,0.0,,60.980000000000004 F,2.4202950152408715,sun
2013/09/12,0.0,25.6,59.0 F,1.7361123200551272,Sun
2013/09/13,0.0,18.9,60.08 F,2.00450962765886,s
2013/09/14,0.0,21.7,60.08 F,1.4345734380517465,Fog
2013/09/15,3.3,18.9,57.92 F,2.2218542497244447,s
2013/09/16,0.3,21.7,59.0 F,4.313180551245993,f.
2013/09/17,0.0,,57.019999999999996 F,2.310274395139073,s.
2013/09/18,0.0,21.1,55.94 F,2.5021610365688227,sun
2013/09/19,0.0,25.6,50.0 F,1.5232349298634111,sun
2013/09/20,3.6,23.3,55.94 F,3.0103092394093873,Fog
2013/09/21,0.0,,55.94 F,2.5338190839036066,Sun
2013/09/22,13.5,17.2,55.94 F,5.523404618902528,fog
2013/09/23,2.8,,51.980000000000004 F,4.5360391346115785,f.
2013/09/24,0.0,17.8,50.0 F,2.6204261184884157,s
2013/09/25,2.0,16.1,48.92 F,3.023675364572092,f.
2013/09/26,0.0,17.2,44.96 F,2.201939138984758,sun
2013/09/27,1.0,13.9,51.08 F,4.338691348525798,f
2013/09/28,43.4,16.7,53.06 F,6.025178801650623,Fog
2013/09/29,16.8,14.4,51.980000000000004 F,7.122264676557571,sun
2013/09/30,18.5,,50.0 F,6.301977793205943,f.
2013/10/01,7.9,14.4,48.019999999999996 F,4.705781992267762,Fog
2013/10/02,5.3,12.8,48.92 F,2.4360258150157548,Fog
2013/10/03,0.8,14.4,48.019999999999996 F,0.9125727893807486,fog
2013/10/04,0.0,,42.08 F,1.1182213655407143,s.
2013/10/04,0.0,,42.08 F,1.1182213655407143,s.
2013/10/05,0.0,,46.94 F,1.6008862988219181,sun
2013/10/06,4.1,,46.04 F,2.6256530463515073,f
2013/10/07,0.5,16.1,53.06 F,6.324074414290225,f
2013/10/08,nan,13.9,46.04 F,3.032407657513557,Rain
2013/10/09,0.0,,42.08 F,1.6351136112365094,s.
2013/10/10,1.0,14.4,46.94 F,1.7060786724614527,f
2013/10/11,9.1,13.9,51.08 F,1.0218113052571793,s
2013/10/12,1.0,14.4,48.019999999999996 F,2.213489250477521,f
2013/10/13,0.0,15.0,44.06 F,1.8143318213106714,f
2013/10/14,0.0,15.6,39.019999999999996 F,1.6161141616192183,sun
2013/10/15,0.0,15.6,41.0 F,0.9391457018105452,Sun
2013/10/16,0.0,12.8,48.019999999999996 F,2.7085282163818154,Fog
2013/10/17,0.0,14.4,48.019999999999996 F,1.730257244113439,f
2013/10/18,0.0,12.8,44.96 F,1.2349630445876782,Sun
2013/10/19,0.0,10.6,46.04 F,1.4174168809636813,Sun
2013/10/20,0.0,10.6,46.04 F,2.4372555938870257,Sun
2013/10/21,0.0,11.7,46.94 F,2.509393704964457,Sun
2013/10/22,0.0,14.4,44.96 F,1.9317137051861335,sun
2013/10/23,0.0,12.8,42.980000000000004 F,0.43136194592325305,s
2013/10/24,0.0,10.0,42.980000000000004 F,0.6052121829292182,s.
2013/10/25,0.0,,46.04 F,1.8268576178627107,sun
2013/10/26,nan,11.7,46.94 F,2.7340978328023424,Sun
2013/10/27,1.8,13.9,46.94 F,4.40397875857473,f
2013/10/28,0.0,14.4,44.96 F,5.139886577940799,s
2013/10/29,0.0,13.3,37.94 F,2.2056637549447933,s
2013/10/30,0.5,15.0,42.08 F,3.9342124807871794,s
2013/10/31,0.3,14.4,51.08 F,2.234800314742263,Fog
2013/11/01,1.3,17.8,53.06 F,1.429973832130875,s
2013/11/02,12.7,14.4,46.94 F,7.933020115163945,f.
2013/11/03,0.5,,39.92 F,2.4135576942961072,s.
2013/11/04,0.0,10.6,39.019999999999996 F,1.6389687940085522,d
2013/11/05,2.5,13.3,44.96 F,3.1394055869107715,Fog
2013/11/06,3.8,12.8,46.04 F,1.7084006134306098,s.
2013/11/07,30.0,,50.0 F,7.2304827357563815,f.
2013/11/08,0.0,13.3,44.96 F,4.1270491415215185,s.
2013/11/09,1.8,,41.0 F,1.4330301519437527,sun
2013/11/10,0.0,11.1,46.94 F,4.437904039285553,sun
2013/11/11,0.0,,42.980000000000004 F,2.610331277721834,f.
2013/11/12,4.1,15.6,48.019999999999996 F,2.2189565789360857,Fog
2013/11/13,0.0,13.9,51.08 F,3.8101733889986398,Sun
2013/11/13,0.0,13.9,51.08 F,3.8101733889986398,Sun
2013/11/14,1.3,,42.980000000000004 F,1.1209501613830701,f.
2013/11/15,3.0,10.6,44.96 F,6.008879318427432,s.
2013/11/16,0.0,10.0,41.0 F,4.619470481695632,Sun
2013/11/17,5.3,11.7,44.96 F,5.435637839599846,fog
2013/11/18,26.2,12.8,48.92 F,3.919846452408567,fog
2013/11/19,1.0,13.3,39.92 F,5.1021833742811955,f.
2013/11/20,nan,7.8,35.06 F,4.338265398524033,Sun
2013/11/21,0.0,7.8,31.1 F,3.608670920160785,sun
2013/11/22,0.0,9.4,32.0 F,4.6053207636896065,s.
2013/11/23,0.0,,33.98 F,2.6191419514114767,s
2013/11/24,0.0,11.7,33.08 F,0.9216782991160928,f.
2013/11/25,0.0,,35.96 F,0.5014389526751188,s
2013/11/26,0.0,12.2,37.04 F,1.0375669837002197,s.
2013/11/27,nan,,42.08 F,1.3208407235600654,Sun
2013/11/28,0.0,11.7,37.94 F,0.7239353098194975,Sun
2013/11/29,0.5,9.4,41.0 F,2.112556100157511,Fog
2013/11/30,2.3,11.1,44.96 F,3.920389245834231,Fog
2013/12/01,3.0,13.3,46.04 F,8.803611966835392,f
2013/12/02,4.6,7.8,35.06 F,3.537060371369342,s.
2013/12/03,0.0,,31.1 F,5.636768380903568,Sun
2013/12/04,0.0,4.4,28.22 F,1.6156681030546625,sun
2013/12/05,nan,1.1,23.18 F,2.6373727106671954,sun
2013/12/06,0.0,1.1,24.259999999999998 F,4.728999360017682,sun
2013/12/07,0.0,0.0,19.22 F,3.1146769310279594,s.
2013/12/08,0.0,,20.12 F,2.218065742638066,sun
2013/12/09,0.0,1.1,23.18 F,1.3269925822672533,sun
2013/12/10,0.0,5.6,33.08 F,1.5002148897655632,s
2013/12/11,0.0,5.0,29.12 F,0.818777726502747,s.
2013/12/12,6.9,5.6,31.1 F,2.321851383296981,s.
2013/12/13,0.5,9.4,42.08 F,2.9157829283385874,fog
2013/12/14,0.0,9.4,42.980000000000004 F,3.7360328615328386,s.
2013/12/15,1.3,,46.94 F,3.9119288232581573,f
2013/12/16,0.3,10.0,39.92 F,1.005888290508177,s
2013/12/17,0.0,,39.92 F,2.713963333404748,Sun
2013/12/18,1.3,7.8,35.96 F,2.8092414907958103,f
2013/12/19,0.0,5.0,32.0 F,2.111166403333696,Sun
2013/12/20,5.6,,33.08 F,3.7313990773469,fog
2013/12/21,5.6,8.9,42.08 F,2.3219378033613887,Fog
2013/12/22,10.7,10.6,46.94 F,4.030860257025417,Fog
2013/12/23,1.5,11.7,42.980000000000004 F,5.926442735246593,fog
2013/12/23,1.5,11.7,42.980000000000004 F,5.926442735246593,fog
2013/12/24,0.0,8.3,37.04 F,1.721860043883702,Sun
2013/12/25,0.0,,35.06 F,0.8233604139895402,s
2013/12/26,0.0,,33.08 F,0.5361965664289747,sun
2013/12/27,0.3,8.9,32.0 F,2.1229294397495617,f.
2013/12/28,nan,9.4,37.94 F,1.3133956854775877,Sun
2013/12/29,0.0,7.2,35.06 F,1.1250279590625787,s
2013/12/30,0.3,8.9,39.92 F,2.6338944430092512,s.
2013/12/31,0.5,8.3,41.0 F,1.7030805985706245,sun
2014/01/01,0.0,7.2,37.94 F,1.2373146676745341,sun
2014/01/02,4.1,,42.980000000000004 F,3.206729124461006,sun
2014/01/03,1.5,8.9,37.04 F,2.636270795931853,f
2014/01/04,0.0,7.8,33.08 F,2.736137422697369,f.
2014/01/05,nan,8.3,31.1 F,3.7104481600604515,sun
2014/01/06,0.3,7.8,31.1 F,2.6075292285889042,f
2014/01/07,12.2,8.3,41.0 F,1.617745170575386,s
2014/01/08,9.7,10.0,44.96 F,4.616541396690421,f.
2014/01/09,5.8,9.4,42.08 F,6.317536543440317,fog
2014/01/10,nan,12.8,46.94 F,7.026814160743352,sun
2014/01/11,21.3,,44.96 F,8.835110748585818,Fog
2014/01/12,1.5,11.1,42.08 F,8.12585607681465,fog
2014/01/13,0.0,,50.0 F,7.113386379199883,s.
2014/01/14,0.0,11.1,44.96 F,1.3099886299899408,s
2014/01/15,0.0,11.1,42.08 F,2.505276314045237,s.
2014/01/16,0.0,,39.92 F,2.711157572850154,sun
2014/01/17,nan,5.6,37.04 F,2.301264054987541,s
2014/01/18,0.0,9.4,33.08 F,2.215983596351013,s.
2014/01/19,0.0,6.1,37.94 F,2.525934152572274,sun
2014/01/20,0.0,10.0,37.04 F,2.216883259264406,sun
2014/01/21,0.0,10.0,35.06 F,1.5314904477731197,sun
2014/01/22,0.5,9.4,42.08 F,2.613730547880474,Sun
2014/01/23,0.0,10.0,37.04 F,5.231030205235697,Fog
2014/01/24,0.0,12.8,33.98 F,1.9356712647229093,Sun
2014/01/25,0.0,12.2,33.98 F,0.8061850632559462,s
2014/01/26,0.0,,33.08 F,1.325297557975386,s.
2014/01/27,0.0,9.4,35.06 F,1.309495774722526,s
2014/01/28,nan,11.1,42.980000000000004 F,1.6170359998267416,f
2014/01/29,21.6,11.1,44.96 F,3.407711145153906,fog
2014/01/30,0.0,8.3,42.980000000000004 F,6.4061937935468665,sun
2014/01/31,2.3,7.8,42.08 F,2.6010181359149716,f
2014/02/01,2.0,7.8,37.04 F,0.8072629256183732,s.
2014/02/01,2.0,7.8,37.04 F,0.8072629256183732,s.
2014/02/02,0.0,8.9,33.98 F,2.5154570687785816,Sun
2014/02/03,0.0,,32.0 F,4.314292033446806,s
2014/02/04,0.0,,28.22 F,4.738949846741857,s
2014/02/05,0.0,-0.5,22.1 F,6.602836628360202,s.
2014/02/06,0.0,-1.6,21.2 F,4.506821568401613,s.
2014/02/07,0.0,3.3,23.18 F,4.229302090993836,s
2014/02/08,5.1,5.6,31.1 F,4.632783357121565,fog
2014/02/09,0.5,3.9,32.0 F,2.4118920490853757,fog
2014/02/10,18.3,10.0,35.96 F,4.727640612446804,f
2014/02/11,17.0,12.2,42.08 F,3.8264070137289097,fog
2014/02/12,4.6,12.2,44.96 F,6.439755768423854,f.
2014/02/13,1.8,12.8,46.04 F,6.305205491738542,Fog
2014/02/14,nan,11.7,42.980000000000004 F,6.417347156209545,f.
2014/02/15,11.7,,41.0 F,5.123968626240019,Fog
2014/02/16,nan,9.4,39.019999999999996 F,7.934325013833949,f
2014/02/17,nan,8.3,39.92 F,5.5146731194937795,f
2014/02/18,15.2,8.9,41.0 F,6.238773716064764,Fog
2014/02/19,1.0,8.3,39.019999999999996 F,6.010155529519772,sun
2014/02/20,3.0,,42.08 F,6.93139468479866,f
2014/02/21,2.8,6.7,39.019999999999996 F,2.9232067002494198,Fog
2014/02/22,2.5,,37.04 F,3.126364160729227,fog
2014/02/23,6.1,7.2,39.019999999999996 F,2.62519787630092,Fog
2014/02/24,13.0,6.7,37.94 F,3.2111361612902933,f
2014/02/25,0.3,12.2,39.019999999999996 F,4.508926575201331,f
2014/02/26,0.0,13.9,42.08 F,2.517296257735424,s.
2014/02/27,0.0,,39.92 F,2.3366017184009125,Sun
2014/02/28,0.0,14.4,39.92 F,5.937895646942979,sun
2014/03/01,0.5,7.2,39.92 F,4.733703604115714,s
2014/03/02,19.1,11.1,37.04 F,5.715286472722959,f.
2014/03/03,10.7,14.4,48.019999999999996 F,5.113041251575475,f.
2014/03/04,16.5,13.9,46.04 F,3.9291158862581512,fog
2014/03/05,46.7,15.6,51.08 F,3.9135224522876695,f
2014/03/06,3.0,13.3,50.0 F,6.2205735318043605,f.
2014/03/07,0.0,15.6,48.019999999999996 F,4.222318232532089,sun
2014/03/08,32.3,12.8,44.06 F,2.7290733262254094,fog
2014/03/09,4.3,15.0,48.92 F,4.309802274253265,Fog
2014/03/10,18.8,,42.980000000000004 F,2.235447299675592,Fog
2014/03/11,0.0,14.4,39.92 F,2.322803454664084,f
2014/03/12,0.0,16.1,37.94 F,1.928670141196782,f.
2014/03/13,0.5,13.9,41.0 F,2.5128605498095946,f.
2014/03/13,0.5,13.9,41.0 F,2.5128605498095946,f.
2014/03/14,6.9,14.4,46.94 F,6.12053468986543,Fog
2014/03/15,8.1,16.7,39.92 F,3.013314697650546,f
2014/03/16,27.7,10.6,39.92 F,3.8381833054958228,f.
2014/03/17,0.3,10.0,37.04 F,3.224189464156495,fog
2014/03/18,0.0,10.0,37.94 F,1.616027001722222,sun
2014/03/19,0.5,11.1,37.94 F,5.139692516564004,sun
2014/03/20,0.0,11.1,35.06 F,3.0279432255192624,sun
2014/03/21,0.0,,37.04 F,3.8315506408311872,Sun
2014/03/22,0.0,11.1,33.98 F,1.8345106077897069,s
2014/03/23,0.0,12.8,39.92 F,3.3297792198391414,sun
2014/03/24,0.0,18.9,37.04 F,2.2268751057624865,sun
2014/03/25,4.1,13.9,44.06 F,4.439690803737228,f.
2014/03/26,3.6,11.1,42.08 F,2.4101194350628092,Fog
2014/03/27,0.3,,44.06 F,2.832972207924966,f.
2014/03/28,22.1,,44.96 F,3.9247917021713903,f.
2014/03/29,14.0,,44.96 F,5.111853149464693,f.
2014/03/30,0.0,11.1,41.0 F,5.119989506137751,sun
2014/03/31,0.0,15.6,35.96 F,3.8066658319032047,s
2014/04/01,nan,,44.06 F,2.8077519925373293,Sun
2014/04/02,0.0,14.4,42.08 F,4.237116980136314,sun
2014/04/03,2.5,13.3,42.980000000000004 F,3.9055294255190964,Sun
2014/04/04,0.0,,42.980000000000004 F,4.738307909537489,sun
2014/04/05,4.6,11.7,46.04 F,4.339250338536574,f
2014/04/06,0.0,,46.94 F,2.6031535026199037,s
2014/04/07,0.0,21.1,48.92 F,2.505515599455517,Sun
2014/04/08,4.6,15.6,46.94 F,4.216969633570527,f.
2014/04/09,0.0,14.4,44.06 F,2.917064012764566,sun
2014/04/10,0.0,15.0,44.06 F,3.611620041537243,Sun
2014/04/11,0.0,17.2,41.0 F,2.8232922416062607,s.
2014/04/12,0.0,,46.04 F,4.435393065093448,s
2014/04/13,0.0,,42.08 F,3.13916573763901,sun
2014/04/14,0.0,20.0,42.08 F,2.6270092728221797,s
2014/04/15,0.5,14.4,46.04 F,4.007947113827582,sun
2014/04/16,10.9,11.1,48.019999999999996 F,4.61527498946783,f.
2014/04/17,18.5,11.7,44.96 F,4.706718963477132,fog
2014/04/18,0.0,14.4,42.08 F,3.8032092099303445,s.
2014/04/19,13.7,11.7,42.08 F,4.7364748047480845,fog
2014/04/20,0.0,15.6,42.08 F,2.706220625607412,Sun
2014/04/21,5.1,,46.04 F,2.530267341007091,f
2014/04/22,14.2,12.2,41.0 F,4.2164451484678835,fog
2014/04/22,14.2,12.2,41.0 F,4.2164451484678835,fog
2014/04/23,8.9,,42.980000000000004 F,5.019041498279975,fog
2014/04/24,12.4,,42.980000000000004 F,5.324169332125627,f
2014/04/25,0.0,14.4,42.08 F,2.327589017526565,sun
2014/04/26,3.3,15.0,42.08 F,3.9264194687540614,s
2014/04/27,6.9,11.1,42.980000000000004 F,5.826677255100274,f.
2014/04/28,0.0,16.1,39.92 F,2.6332746916781726,Sun
2014/04/29,0.0,25.0,48.92 F,2.319580668618314,Sun
2014/04/30,0.0,27.8,48.92 F,3.935438934406458,s
2014/05/01,0.0,29.4,51.980000000000004 F,3.019601917507081,Sun
2014/05/02,0.0,18.3,51.08 F,4.703763090736798,s
2014/05/03,33.3,15.0,48.019999999999996 F,3.4260249893811046,Fog
2014/05/04,16.0,14.4,48.019999999999996 F,4.210904835773044,fog
2014/05/05,5.1,15.6,48.92 F,3.807242055939006,fog
2014/05/06,0.0,16.7,46.94 F,2.6073985197699994,Sun
2014/05/07,0.0,18.3,44.96 F,1.730549246042131,s.
2014/05/08,13.7,,48.92 F,3.434142231268892,Fog
2014/05/09,nan,13.3,44.96 F,5.63210912788704,sun
2014/05/10,0.5,15.6,44.96 F,2.1159040405890734,Fog
2014/05/11,0.0,18.9,46.94 F,1.7095913881781242,sun
2014/05/12,0.0,24.4,48.92 F,2.7137796395792506,s.
2014/05/13,0.0,26.7,55.040000000000006 F,3.832914154842111,s.
2014/05/14,nan,,55.94 F,3.3090860764300976,Sun
2014/05/15,nan,26.7,55.040000000000006 F,3.0202353189993043,sun
2014/05/16,0.0,,53.06 F,4.10982216699012,s.
2014/05/17,0.0,,53.06 F,3.2096049140156904,s
2014/05/18,0.0,20.0,51.08 F,3.2220437897201974,Sun
2014/05/19,0.0,21.1,50.0 F,2.203033829664574,s
2014/05/20,0.0,22.2,50.0 F,2.7174203286638883,Sun
2014/05/21,0.0,20.0,51.08 F,1.7145880672375762,sun
2014/05/22,0.0,24.4,53.06 F,2.515019128822324,sun
2014/05/23,3.8,20.0,55.040000000000006 F,4.005430125006743,f
2014/05/24,0.0,18.3,51.980000000000004 F,2.414911303724009,sun
2014/05/25,5.6,,51.08 F,1.433961703944277,fog
2014/05/26,0.0,18.3,51.980000000000004 F,4.53726854966017,sun
2014/05/27,0.0,,50.0 F,2.522311677446549,s
2014/05/28,0.0,18.9,50.0 F,3.4278871825944393,sun
2014/05/29,0.0,18.9,51.980000000000004 F,4.329013053300553,s.
2014/05/30,0.0,,48.019999999999996 F,4.537753115191477,Sun
2014/05/31,0.0,23.3,50.0 F,2.219706524588409,s.
2014/06/01,0.0,,51.08 F,2.3275836859757475,s
2014/06/01,0.0,,51.08 F,2.3275836859757475,s
2014/06/02,0.0,23.3,51.980000000000004 F,2.4219234454519727,s
2014/06/03,0.0,18.3,51.980000000000004 F,3.237724397966642,sun
2014/06/04,0.0,19.4,50.0 F,2.606732134733475,s.
2014/06/05,0.0,22.2,50.0 F,2.4369307599530616,s
2014/06/06,0.0,25.0,51.08 F,3.2054299986429906,Sun
2014/06/07,0.0,24.4,55.94 F,3.1057882651417565,s
2014/06/08,0.0,,53.96 F,2.1153996644633772,s.
2014/06/09,0.0,,55.94 F,3.619717287306642,Sun
2014/06/10,0.0,20.0,53.96 F,2.921491533642909,Sun
2014/06/11,0.0,23.9,51.980000000000004 F,2.717827345146468,sun
2014/06/12,1.8,21.7,53.96 F,4.008327288109386,Sun
2014/06/13,6.4,15.6,51.980000000000004 F,5.004164929377728,fog
2014/06/14,0.0,17.8,53.06 F,3.2220106518539637,sun
2014/06/15,0.5,18.3,50.0 F,3.607607363292081,f
2014/06/16,3.6,,48.019999999999996 F,2.4139265018140557,f
2014/06/17,1.3,17.8,50.0 F,3.027138929484783,fog
2014/06/18,0.0,18.9,51.980000000000004 F,2.7209748388822774,s.
2014/06/19,0.8,25.6,53.06 F,3.7339655569321746,sun
2014/06/20,0.3,20.0,50.0 F,3.437525051995956,s.
2014/06/21,0.0,22.2,51.08 F,3.6358599249091843,Sun
2014/06/22,0.0,25.0,51.980000000000004 F,2.704034926641769,Sun
2014/06/23,0.0,,55.94 F,2.526262488966469,Sun
2014/06/24,0.0,24.4,57.92 F,2.5114273780333014,sun
2014/06/25,0.0,26.1,57.019999999999996 F,2.419818039939962,s.
2014/06/26,0.0,,57.92 F,4.133097643542545,sun
2014/06/27,1.8,21.1,57.019999999999996 F,4.530090251056069,Fog
2014/06/28,2.3,20.0,55.94 F,4.322489669027631,f
2014/06/29,0.0,20.6,55.040000000000006 F,3.222423128329495,Sun
2014/06/30,0.0,25.6,55.040000000000006 F,4.419090078589378,Sun
2014/07/01,0.0,34.4,60.08 F,3.5336501516807384,s
2014/07/02,0.0,27.2,57.92 F,3.625085920715947,s.
2014/07/03,0.0,21.7,57.019999999999996 F,3.1286842568554234,Sun
2014/07/04,0.0,23.9,57.019999999999996 F,3.6236492241101073,s.
2014/07/05,0.0,24.4,55.94 F,2.2264653141263433,f
2014/07/06,0.0,28.9,59.0 F,3.0160845655046806,s
2014/07/07,0.0,,64.03999999999999 F,4.108430922737453,f
2014/07/08,nan,30.0,60.08 F,3.5141077857212277,sun
2014/07/09,0.0,26.7,57.019999999999996 F,2.337363525828811,s.
2014/07/10,0.0,28.9,55.040000000000006 F,2.236219762099396,fog
2014/07/11,0.0,31.1,59.0 F,2.212864826206397,s
2014/07/11,0.0,31.1,59.0 F,2.212864826206397,s
2014/07/12,0.0,32.2,62.06 F,2.2286341210448755,Sun
2014/07/13,0.0,,59.0 F,2.6110506537999014,rain
2014/07/14,0.0,27.8,59.0 F,2.8137374365435806,Sun
2014/07/15,0.0,31.1,57.019999999999996 F,2.303746292113453,sun
2014/07/16,0.0,31.1,57.92 F,2.405068813517578,s.
2014/07/17,nan,26.7,57.019999999999996 F,3.726665518557578,Sun
2014/07/18,0.0,,53.06 F,2.816690419416543,sun
2014/07/19,0.0,25.6,59.0 F,5.434342864776628,f
2014/07/20,0.0,,57.92 F,2.826007168498566,s
2014/07/21,0.0,23.9,55.94 F,2.20129213969229,s.
2014/07/22,0.3,21.1,55.94 F,1.1120608014875248,f.
2014/07/23,19.3,18.9,55.94 F,3.3243216806265856,sun
2014/07/24,0.0,20.6,55.040000000000006 F,4.716198350873937,s
2014/07/25,0.0,,53.96 F,2.70247991201737,Sun
2014/07/26,0.0,26.1,55.94 F,3.6276167245033615,sun
2014/07/27,0.0,,59.0 F,4.124932827757748,sun
2014/07/28,0.0,,59.0 F,3.7083335216854585,s
2014/07/29,nan,30.0,60.08 F,2.8074726086474078,s.
2014/07/30,0.0,29.4,57.92 F,3.413195344000211,Sun
2014/07/31,0.0,,64.03999999999999 F,4.1068416410842215,s.
2014/08/01,0.0,28.9,59.0 F,3.3104490131148205,sun
2014/08/02,0.5,29.4,60.08 F,1.712583422388897,sun
2014/08/03,0.0,31.7,57.92 F,2.618944266410633,s
2014/08/04,nan,32.8,60.980000000000004 F,2.6141590071706604,s.
2014/08/05,0.0,,57.019999999999996 F,2.723063745347116,sun
2014/08/06,0.0,26.1,59.0 F,2.225526876146129,fog
2014/08/07,0.0,25.6,55.94 F,2.425496093240718,f.
2014/08/08,0.0,25.6,55.94 F,2.932789483084926,s
2014/08/09,0.0,27.2,60.08 F,4.131432293551644,s
2014/08/10,0.0,30.6,57.019999999999996 F,3.402093269298626,Sun
2014/08/11,0.5,35.6,64.03999999999999 F,2.620549163165091,Rain
2014/08/12,12.7,27.2,62.96 F,3.1309382781386446,Fog
2014/08/13,21.6,23.3,59.0 F,2.734497385872917,f.
2014/08/14,0.0,,62.96 F,0.636913396627965,Sun
2014/08/15,1.0,24.4,62.06 F,1.5062228644525646,Fog
2014/08/16,0.0,,60.08 F,2.2359543694532844,s.
2014/08/17,0.0,27.8,59.0 F,2.809165011185476,Sun
2014/08/18,0.0,29.4,60.08 F,3.3065952069346176,s
2014/08/19,0.0,27.2,60.08 F,2.4046527133802975,sun
2014/08/20,0.0,21.7,57.019999999999996 F,3.6384901003056975,s
2014/08/20,0.0,21.7,57.019999999999996 F,3.6384901003056975,s
2014/08/21,0.0,,51.980000000000004 F,1.7265294251214287,s
2014/08/22,0.0,23.9,55.94 F,2.90934769582211,sun
2014/08/23,0.0,27.8,57.019999999999996 F,2.0347580383428197,s
2014/08/24,0.0,25.0,55.94 F,2.3249312051670987,sun
2014/08/25,0.0,28.9,57.92 F,2.033510111516462,s
2014/08/26,0.0,,60.08 F,1.806746197732435,s.
2014/08/27,0.0,28.9,60.980000000000004 F,1.6091560874507604,s.
2014/08/28,0.0,23.3,57.92 F,2.307638251214428,Sun
2014/08/29,0.0,22.8,59.0 F,3.4333784333702377,s.
2014/08/30,8.4,17.8,59.0 F,2.222493063794466,fog
2014/08/31,1.3,,57.019999999999996 F,1.9235656555401386,Fog
2014/09/01,0.0,23.3,55.040000000000006 F,2.5129454831124587,s
2014/09/02,3.0,20.0,57.019999999999996 F,4.330498791942123,f.
2014/09/03,0.0,,55.040000000000006 F,2.722232051607789,Sun
2014/09/04,0.0,23.9,51.980000000000004 F,3.1286028826974657,f.
2014/09/05,0.0,27.8,57.019999999999996 F,6.510058539276183,Fog
2014/09/06,0.0,32.2,59.0 F,2.9220428814786663,sun
2014/09/07,0.0,28.3,55.94 F,2.1186395540120695,sun
2014/09/08,0.0,21.1,55.94 F,2.8276212841374884,s
2014/09/09,0.0,21.7,55.94 F,2.3076550451563684,Sun
2014/09/10,0.0,22.2,53.96 F,3.92123937579871,sun
2014/09/11,0.0,24.4,55.040000000000006 F,5.306595464290972,s
2014/09/12,0.0,,55.040000000000006 F,5.925286361670999,Sun
2014/09/13,0.0,28.3,50.0 F,4.202114793190235,s
2014/09/14,0.0,30.0,53.06 F,1.800622408258737,sun
2014/09/15,0.0,30.6,53.96 F,1.2215328008623605,s
2014/09/16,0.0,22.2,57.019999999999996 F,2.828729130691849,Sun
2014/09/17,0.5,22.8,57.92 F,2.3247251026323714,s.
2014/09/18,0.3,19.4,59.0 F,3.118901608461541,fog
2014/09/19,0.0,23.9,60.980000000000004 F,2.801349273871762,Sun
2014/09/20,0.0,24.4,57.92 F,4.407324350416751,Fog
2014/09/21,0.0,,55.040000000000006 F,3.007949631033938,s
2014/09/22,0.3,,59.0 F,2.1344640586158627,fog
2014/09/23,18.3,,57.92 F,2.5299998715364396,f.
2014/09/24,20.3,18.9,57.92 F,2.714352838551822,f.
2014/09/25,4.3,21.7,57.92 F,2.5050353221979105,f
2014/09/26,8.9,20.0,57.019999999999996 F,3.3178183701830224,fog
2014/09/27,0.0,,53.06 F,3.2358964107300636,f.
2014/09/28,0.0,18.9,53.96 F,2.0061643089306624,fog
2014/09/29,0.8,16.7,51.980000000000004 F,3.5059533580766087,f
2014/09/29,0.8,16.7,51.980000000000004 F,3.5059533580766087,f
2014/09/30,0.0,19.4,53.96 F,2.628597479437627,sun
2014/10/01,0.0,18.3,51.980000000000004 F,2.1094753267883326,sun
2014/10/02,0.0,19.4,50.0 F,2.0290883480163457,sun
2014/10/03,0.0,22.2,48.019999999999996 F,1.0037877516408704,s
2014/10/04,0.0,21.7,53.96 F,1.2341060537603359,s
2014/10/05,0.0,23.9,53.06 F,1.4225010975922008,f
2014/10/06,0.0,25.6,55.94 F,2.5021434694795297,f.
2014/10/07,0.0,,57.019999999999996 F,1.0311184797237207,Fog
2014/10/08,0.0,20.6,55.040000000000006 F,1.8219548803911716,fog
2014/10/09,0.0,17.2,51.980000000000004 F,1.0260165968744541,Fog
2014/10/10,0.3,18.3,50.0 F,3.8389331923678824,fog
2014/10/11,7.4,18.3,53.06 F,3.537869724513157,rain
2014/10/12,0.0,17.8,53.06 F,2.1199197154122706,sun
2014/10/13,7.6,21.1,50.0 F,3.1305688770454627,f
2014/10/14,7.1,16.7,53.06 F,2.2002189859504684,f.
2014/10/15,8.6,16.1,53.06 F,4.72500349306329,f
2014/10/16,0.0,20.6,51.980000000000004 F,3.338872498178874,sun
2014/10/17,3.3,16.7,53.06 F,3.002766963810002,Fog
2014/10/18,15.0,19.4,57.019999999999996 F,1.9064329484955356,fog
2014/10/19,0.0,,55.040000000000006 F,3.214001572628233,sun
2014/10/20,11.7,16.1,53.96 F,3.108344774500713,f.
2014/10/21,1.0,16.1,53.06 F,4.734496016490965,sun
2014/10/22,32.0,,53.06 F,5.028524824107469,f
2014/10/23,9.4,14.4,46.94 F,4.606809536673887,s.
2014/10/24,4.1,14.4,48.019999999999996 F,3.212157120456961,s.
2014/10/25,6.1,16.7,46.94 F,5.434448292327273,f.
2014/10/26,1.5,,46.04 F,5.011778552988437,fog
2014/10/27,0.8,15.6,44.06 F,2.42205594104071,s.
2014/10/28,12.7,15.0,48.92 F,3.939789952067775,f.
2014/10/29,0.5,16.7,53.06 F,3.1368309691491714,f
2014/10/30,25.4,15.6,51.980000000000004 F,3.2297630428625186,Fog
2014/10/31,nan,12.8,46.94 F,2.0066014760287048,f
2014/11/01,0.0,,44.96 F,1.2180478301822466,f
2014/11/02,1.8,,44.96 F,2.9109106085870025,Fog
2014/11/03,10.9,13.9,51.980000000000004 F,4.818889139764531,Fog
2014/11/04,4.1,14.4,51.08 F,3.33555252558703,f.
2014/11/05,4.8,,51.08 F,2.1284759368784307,f
2014/11/06,4.1,,51.08 F,6.727953952216551,fog
2014/11/07,0.0,14.4,44.96 F,2.338090022135246,s
2014/11/08,0.0,12.8,39.019999999999996 F,0.8232069782498623,Fog
2014/11/08,0.0,12.8,39.019999999999996 F,0.8232069782498623,Fog
2014/11/09,5.1,,46.04 F,3.0082440356544224,f.
2014/11/10,0.0,11.1,42.08 F,3.921715455334542,s.
2014/11/11,0.0,7.8,33.98 F,7.7355656841883995,s.
2014/11/12,0.0,6.7,32.0 F,7.60379412457352,sun
2014/11/13,0.0,7.2,33.08 F,4.716130438287243,sun
2014/11/14,0.0,7.2,28.22 F,4.539342585911764,Sun
2014/11/15,0.0,8.3,29.12 F,4.219384970791624,s.
2014/11/16,0.0,9.4,28.22 F,4.2303224746231605,s
2014/11/17,0.0,10.6,28.22 F,1.9342569263901495,s.
2014/11/18,0.0,,31.1 F,0.9228304442758667,s
2014/11/19,0.0,11.1,35.96 F,1.915407616688962,s
2014/11/20,3.6,11.1,42.08 F,2.1303774304477385,fog
2014/11/21,15.2,11.1,46.94 F,4.723337296191659,f.
2014/11/22,0.5,9.4,44.06 F,4.7134251479303195,Sun
2014/11/23,11.9,12.8,42.08 F,5.13657544180051,f.
2014/11/24,1.3,11.7,39.92 F,3.801013820361911,f.
2014/11/25,18.3,,48.92 F,4.537292827083646,Fog
2014/11/26,0.3,15.0,53.96 F,3.918957622187113,Sun
2014/11/27,3.3,14.4,53.06 F,6.619706892136808,f.
2014/11/28,34.3,12.8,37.94 F,5.800466740576141,Fog
2014/11/29,3.6,4.4,24.259999999999998 F,5.317833921903272,f
2014/11/30,0.0,2.8,23.18 F,4.424381850697598,sun
2014/12/01,0.0,4.4,26.24 F,2.221194596873661,Sun
2014/12/02,0.0,5.6,26.24 F,5.714573168341255,f
2014/12/03,0.0,10.0,32.0 F,3.6007584230979375,sun
2014/12/04,0.8,8.3,39.019999999999996 F,1.1298539895572315,Fog
2014/12/05,3.0,12.8,44.06 F,3.139350310755642,fog
2014/12/06,7.4,,46.04 F,3.6084591993488195,f.
2014/12/07,0.0,14.4,42.980000000000004 F,2.8262079002734644,Sun
2014/12/08,9.1,14.4,48.019999999999996 F,4.210682359141974,f
2014/12/09,9.9,16.1,51.08 F,5.114869721500973,f
2014/12/10,13.0,18.9,50.0 F,6.709139945035606,fog
2014/12/11,6.9,14.4,46.94 F,6.410592520607508,f
2014/12/12,0.0,11.1,44.96 F,3.7266992556651206,s
2014/12/13,0.0,10.0,39.019999999999996 F,1.1382265724681917,Fog
2014/12/14,0.0,12.8,35.06 F,3.518159450191692,fog
2014/12/15,0.0,12.2,44.06 F,5.907459645377757,s
2014/12/16,0.0,,46.94 F,4.032996434917932,s.
2014/12/17,2.8,8.9,42.980000000000004 F,1.6088342962608688,Fog
2014/12/18,13.0,9.4,44.06 F,3.1214150840101187,f
2014/12/18,13.0,9.4,44.06 F,3.1214150840101187,f
2014/12/19,3.0,,44.96 F,4.3121844299201575,s
2014/12/20,19.6,12.8,44.06 F,5.514730566089667,f
2014/12/21,0.0,12.8,50.0 F,5.207540092726096,Sun
2014/12/22,0.0,,42.980000000000004 F,1.537475978518711,Sun
2014/12/23,20.6,,41.0 F,3.808952384011863,fog
2014/12/24,5.3,7.2,39.019999999999996 F,1.8216928169021058,Fog
2014/12/25,0.0,7.8,37.04 F,2.228262297152999,f
2014/12/26,0.0,,35.06 F,1.238247748973635,f
2014/12/27,3.3,9.4,39.92 F,4.932021206651393,f.
2014/12/28,4.1,6.7,37.04 F,1.8383237623227848,Fog
2014/12/29,nan,6.1,33.08 F,4.302665160801984,f
2014/12/30,0.0,3.3,28.22 F,3.61938465642982,s.
2014/12/31,0.0,3.3,27.14 F,3.0004350919081553,sun
2015/01/01,0.0,5.6,26.24 F,1.2182787720938326,sun
2015/01/02,1.5,5.6,32.0 F,2.329867449391895,fog
2015/01/03,nan,,35.06 F,1.7098683632472453,f
2015/01/04,10.2,,37.94 F,4.532355862770643,f
2015/01/05,8.1,12.2,48.92 F,6.425721032958585,fog
2015/01/06,0.0,,42.980000000000004 F,1.3087663373208631,f.
2015/01/07,0.0,7.8,42.08 F,1.6053680689168779,fog
2015/01/08,0.0,,35.06 F,2.6267230125447463,Fog
2015/01/09,0.3,,37.94 F,0.6350209996702246,f
2015/01/10,5.8,7.8,42.980000000000004 F,0.5252792330274131,f
2015/01/11,1.5,9.4,44.96 F,1.1044205393195088,Fog
2015/01/12,0.0,,39.92 F,1.6102676917792151,f
2015/01/13,0.0,9.4,37.04 F,2.704214500201798,Fog
2015/01/14,0.0,6.1,33.08 F,2.824534209269572,fog
2015/01/15,9.7,,33.98 F,3.2010510566273878,fog
2015/01/16,0.0,11.7,42.08 F,4.520151870938519,f
2015/01/17,26.2,,37.94 F,2.820099064300255,f
2015/01/18,21.3,13.9,44.96 F,6.6030275813349215,rain
2015/01/19,0.5,10.0,42.980000000000004 F,2.8192289658586023,Sun
2015/01/20,0.0,10.0,37.94 F,3.007954076503929,fog
2015/01/21,nan,7.2,31.1 F,1.3109167470262946,Fog
2015/01/22,0.8,,42.980000000000004 F,1.3368429197577814,f.
2015/01/23,5.8,12.2,46.94 F,2.615901868046791,fog
2015/01/24,0.5,14.4,51.980000000000004 F,3.3071063488184045,Fog
2015/01/25,0.0,17.2,44.96 F,1.4181810241062145,Fog
2015/01/26,0.0,16.1,42.980000000000004 F,2.2271515428714164,Fog
2015/01/27,0.8,11.1,46.94 F,2.0367972435570003,f
2015/01/27,0.8,11.1,46.94 F,2.0367972435570003,f
2015/01/28,0.0,12.2,41.0 F,1.8135632311416745,f
2015/01/29,0.0,12.2,37.94 F,2.92774016575637,s.
2015/01/30,0.0,,33.98 F,0.815895134890776,f.
2015/01/31,0.0,7.2,37.94 F,1.922955357084678,Fog
2015/02/01,1.5,,39.92 F,2.6124094076621804,f
2015/02/02,7.4,11.1,41.0 F,4.02593812064912,Fog
2015/02/03,1.3,,42.08 F,1.9383057934859946,f
2015/02/04,$,10.6,39.92 F,1.7051985129977443,f
2015/02/05,26.2,,46.94 F,4.62589762758766,f.
2015/02/06,17.3,14.4,50.0 F,4.500073976089078,Fog
2015/02/07,23.6,,48.92 F,4.629017785597005,Fog
2015/02/08,3.6,,46.94 F,3.9007989088322286,f
2015/02/09,6.1,,46.94 F,2.5020838248558768,f
2015/02/10,0.3,12.8,46.94 F,4.036998353400474,fog
2015/02/11,0.0,12.8,42.08 F,1.014499498484668,f.
2015/02/12,1.0,,48.92 F,2.125467554773961,sun
2015/02/13,0.0,15.6,44.06 F,1.7079561609775131,f
2015/02/14,nan,14.4,44.06 F,2.9128235756874123,Fog
2015/02/15,0.0,12.2,39.019999999999996 F,4.801888424148816,s
2015/02/16,0.0,15.0,42.08 F,6.634288821265498,fog
2015/02/17,0.0,16.1,39.92 F,4.015697083867166,s.
2015/02/18,0.0,12.2,39.92 F,2.6087475212102613,s
2015/02/19,4.6,10.6,46.94 F,2.2386080413680585,Fog
2015/02/20,0.8,,44.96 F,0.9373106654775156,fog
2015/02/21,0.0,12.2,42.08 F,4.508859385059726,s
2015/02/22,0.0,,37.94 F,4.225346861075714,Sun
2015/02/23,nan,,33.08 F,1.4246858239324487,Sun
2015/02/24,0.0,11.1,35.96 F,1.5173102143310353,s
2015/02/25,4.1,10.0,44.06 F,1.0157962068458086,fog
2015/02/26,9.4,11.7,46.04 F,1.4128375177234642,Fog
2015/02/27,18.3,,44.06 F,4.002047058829378,f.
2015/02/28,0.0,12.2,37.94 F,5.125119464861172,sun
2015/03/01,0.0,11.1,33.98 F,2.209476621128057,Sun
2015/03/02,0.0,11.1,39.92 F,4.817043128866644,s
2015/03/03,0.0,,32.0 F,2.1188216047385486,s
2015/03/04,0.0,12.8,31.1 F,1.824078638161902,sun
2015/03/05,0.0,13.3,37.04 F,1.3140175705317587,Sun
2015/03/06,0.0,15.0,37.94 F,1.430015533876264,Sun
2015/03/07,nan,,39.019999999999996 F,2.7354620554965994,fog
2015/03/08,0.0,17.2,39.019999999999996 F,1.7105730056208228,fog
2015/03/08,0.0,17.2,39.019999999999996 F,1.7105730056208228,fog
2015/03/09,0.0,14.4,39.92 F,1.8200382415897414,fog
2015/03/10,0.8,13.3,41.0 F,2.6245205047984297,f.
2015/03/11,2.5,14.4,48.019999999999996 F,3.117533091569614,f.
2015/03/12,0.0,,48.92 F,3.2295289329365002,s.
2015/03/13,2.0,17.2,46.04 F,2.2295884091544043,s
2015/03/14,17.0,13.9,48.92 F,3.8221490755037753,f.
2015/03/15,55.9,,42.980000000000004 F,4.20014539551381,f.
2015/03/16,1.0,13.9,42.980000000000004 F,3.0285769248920738,f.
2015/03/17,0.8,13.3,39.92 F,2.6033408436183247,Sun
2015/03/18,0.0,15.6,44.96 F,2.520351992189831,s.
2015/03/19,0.0,15.6,46.94 F,1.9350945031238411,sun
2015/03/20,4.1,13.9,48.019999999999996 F,1.905886948384627,s.
2015/03/21,3.8,13.3,46.94 F,4.721918292590185,f
2015/03/22,1.0,11.7,42.980000000000004 F,2.3040528387685506,s
2015/03/23,8.1,11.1,42.08 F,2.8221955522903017,f.
2015/03/24,7.6,12.8,42.980000000000004 F,3.9364883703558107,fog
2015/03/25,5.1,14.4,44.96 F,4.412722829589975,fog
2015/03/26,0.0,,50.0 F,2.2061791512410123,Sun
2015/03/27,1.0,18.3,48.019999999999996 F,4.027216489116001,fog
2015/03/28,nan,15.6,48.92 F,5.7261029882104575,Sun
2015/03/29,0.0,15.6,48.019999999999996 F,3.037402436867357,Sun
2015/03/30,1.8,17.8,51.08 F,2.9183131455509774,fog
2015/03/31,1.0,,42.980000000000004 F,4.204346732705845,fog
2015/04/01,5.1,,42.08 F,3.2059455179698753,Rain
2015/04/02,0.0,13.3,42.08 F,2.4115276358397115,s
2015/04/03,1.5,11.1,41.0 F,3.602907021731073,f.
2015/04/04,0.0,,39.019999999999996 F,1.7144919990974392,s
2015/04/05,0.0,16.7,37.04 F,2.4082521446462,sun
2015/04/06,1.0,13.9,44.06 F,3.519649770193028,sun
2015/04/07,0.5,,44.06 F,3.9351455017968617,Sun
2015/04/08,0.0,17.2,42.980000000000004 F,1.7319607851528924,s.
2015/04/09,0.0,17.2,42.980000000000004 F,2.3344449251184654,sun
2015/04/10,10.9,,46.04 F,4.608385077567689,f.
2015/04/11,0.0,,42.08 F,6.538948638927669,s
2015/04/12,0.0,,42.08 F,3.617839142509616,s.
2015/04/13,14.0,11.7,39.019999999999996 F,3.6252435533799514,f
2015/04/14,3.3,11.7,37.04 F,3.3078535309484565,sun
2015/04/15,0.0,13.9,37.94 F,2.4179341226429427,sun
2015/04/16,0.0,17.8,39.019999999999996 F,3.1155220654951794,Sun
2015/04/17,0.0,18.9,42.980000000000004 F,3.636551380733923,s
2015/04/17,0.0,18.9,42.980000000000004 F,3.636551380733923,s
2015/04/18,0.0,18.9,46.94 F,3.9276283712988613,s
2015/04/19,0.0,,46.94 F,3.6000161982426246,s.
2015/04/20,0.0,,46.04 F,2.6112452136043713,Sun
2015/04/21,nan,17.2,44.06 F,3.4189721738067878,Fog
2015/04/22,0.0,15.6,41.0 F,2.309233417985012,Sun
2015/04/23,3.0,12.2,44.06 F,4.107066424019664,f
2015/04/24,nan,12.2,42.980000000000004 F,5.03704997148355,fog
2015/04/25,1.3,13.3,42.08 F,3.0011048107394496,fog
2015/04/26,0.0,15.6,39.92 F,2.714306456424545,f.
2015/04/27,0.3,25.0,51.08 F,2.32200102017348,f.
2015/04/28,1.8,15.6,48.019999999999996 F,4.312795640374016,f
2015/04/29,0.0,16.1,44.96 F,4.726219408771892,sun
2015/04/30,0.0,17.2,46.04 F,2.1048815939339836,Sun
2015/05/01,0.0,18.3,48.019999999999996 F,3.708789482846468,sun
2015/05/02,0.0,,46.04 F,3.7144082428253338,s.
2015/05/03,0.0,,46.04 F,2.6327214745379144,sun
2015/05/04,0.0,17.2,44.96 F,5.201349415442636,Sun
2015/05/05,6.1,,44.96 F,5.1226952685407205,f.
2015/05/06,0.0,,44.96 F,2.6035715091621245,f
2015/05/07,0.0,20.6,42.980000000000004 F,3.037783485999289,sun
2015/05/08,0.0,23.9,46.94 F,3.0350335551744396,sun
2015/05/09,0.0,26.7,48.92 F,2.633879381327592,s
2015/05/10,0.0,19.4,51.980000000000004 F,2.8334137168043947,s
2015/05/11,0.0,,50.0 F,2.5270935699538177,Fog
2015/05/12,4.3,15.6,51.08 F,3.31162671469883,fog
2015/05/13,4.1,12.2,50.0 F,2.826159076706325,f.
2015/05/14,0.3,17.8,48.92 F,2.0023638378027386,fog
2015/05/15,0.0,20.0,48.92 F,2.804202963327155,Fog
2015/05/16,0.0,15.6,51.980000000000004 F,3.0061626517537654,s.
2015/05/17,nan,19.4,51.08 F,2.12997578764072,s.
2015/05/18,0.0,25.6,53.96 F,3.01459771634449,s.
2015/05/19,0.0,21.7,53.06 F,2.6179663433806746,Sun
2015/05/20,0.0,23.3,51.08 F,1.834993188194924,fog
2015/05/21,nan,25.6,53.06 F,2.127887015755645,s.
2015/05/22,0.0,16.7,53.06 F,3.7186608788092648,s
2015/05/23,0.0,,53.06 F,2.61989707421035,Sun
2015/05/24,0.0,17.8,51.980000000000004 F,2.733254563930092,s.
2015/05/25,0.0,15.6,51.980000000000004 F,2.7023357204852565,Sun
2015/05/26,0.0,21.7,53.06 F,2.1338322293248178,s
2015/05/27,0.0,,53.06 F,1.8136506850646499,s.
2015/05/27,0.0,,53.06 F,1.8136506850646499,s.
2015/05/28,0.0,27.8,53.96 F,2.111174689262509,sun
2015/05/29,0.0,26.1,55.040000000000006 F,2.5157944436855257,Sun
2015/05/30,0.0,22.8,50.0 F,2.5062987998354647,s.
2015/05/31,0.0,25.0,53.06 F,2.217455278622748,s.
2015/06/01,nan,,53.06 F,3.4069905493069346,Fog
2015/06/02,0.5,17.8,55.040000000000006 F,5.038865060484045,s
2015/06/03,0.0,20.0,53.06 F,3.038181527868346,Sun
2015/06/04,0.0,22.8,53.06 F,3.9143418506470256,sun
2015/06/05,0.0,26.7,55.040000000000006 F,4.316929150740904,s
2015/06/06,0.0,,55.94 F,2.613954800900576,sun
2015/06/07,0.0,31.1,60.08 F,3.2093216399633477,sun
2015/06/08,0.0,30.6,57.92 F,3.5233365286534704,Sun
2015/06/09,0.0,28.9,57.92 F,2.7144403523116454,s.
2015/06/10,0.0,25.6,51.980000000000004 F,3.0200784775945553,s
2015/06/11,0.0,24.4,51.980000000000004 F,3.5149134395880766,sun
2015/06/12,0.0,20.0,53.06 F,2.3284131337279357,s.
2015/06/13,0.0,23.9,48.92 F,2.6017339932018237,s.
2015/06/14,0.0,27.8,53.06 F,3.7206822072729833,s.
2015/06/15,0.0,30.0,60.980000000000004 F,3.5078124738313705,d
2015/06/16,0.0,22.8,51.980000000000004 F,3.012600366352173,s.
2015/06/17,0.0,25.0,51.980000000000004 F,3.1281026451428104,Sun
2015/06/18,0.0,24.4,57.019999999999996 F,3.037081078979786,sun
2015/06/19,0.5,23.9,55.94 F,3.2376034786826136,f.
2015/06/20,nan,25.0,55.040000000000006 F,4.322415780003183,sun
2015/06/21,0.0,25.6,57.019999999999996 F,3.4206299547957055,s
2015/06/22,0.0,,55.040000000000006 F,2.431839079457464,sun
2015/06/23,0.0,26.1,53.06 F,2.4157335894871745,s.
2015/06/24,0.0,25.6,60.980000000000004 F,2.6274967000301226,s
2015/06/25,0.0,,60.08 F,3.0112654845955027,s
2015/06/26,0.0,,64.03999999999999 F,4.710632009807818,s
2015/06/27,0.0,33.3,62.96 F,3.905568905369827,s
2015/06/28,0.3,28.3,64.94 F,2.1009850348834047,s
2015/06/29,0.0,28.9,62.96 F,2.7347693539379048,sun
2015/06/30,0.0,30.6,59.0 F,3.425178392077988,f.
2015/07/01,0.0,32.2,62.96 F,4.3175339513700655,sun
2015/07/02,0.0,33.9,64.03999999999999 F,3.427235364543874,s.
2015/07/03,0.0,33.3,64.03999999999999 F,2.621341097318375,s
2015/07/04,0.0,,59.0 F,2.929301133021833,s
2015/07/05,0.0,32.8,62.06 F,2.1300832446989784,Sun
2015/07/06,0.0,29.4,60.08 F,3.2361275338975775,Drizzle
2015/07/06,0.0,29.4,60.08 F,3.2361275338975775,Drizzle
2015/07/07,0.0,27.2,57.019999999999996 F,2.428391519801204,sun
2015/07/08,0.0,30.0,57.92 F,1.9246340066599357,drizzle
2015/07/09,0.0,,57.92 F,3.4153849022334413,s.
2015/07/10,0.0,21.1,62.06 F,3.7300691887847526,s.
2015/07/11,nan,22.2,62.06 F,3.0053876999311715,Sun
2015/07/12,0.0,26.1,62.06 F,2.2336120135147937,Sun
2015/07/13,0.0,25.6,60.980000000000004 F,3.1269025671679525,s.
2015/07/14,0.0,27.8,60.980000000000004 F,3.316892518484256,sun
2015/07/15,0.0,26.1,57.92 F,3.227491403165509,s.
2015/07/16,0.0,,59.0 F,2.8094751449944546,sun
2015/07/17,0.0,27.8,57.019999999999996 F,3.3200693783176036,s.
2015/07/18,0.0,33.3,64.03999999999999 F,3.4194110064307406,s
2015/07/19,0.0,35.0,62.96 F,3.3200496116640936,s
2015/07/20,0.0,26.7,62.06 F,3.9276583807178227,sun
2015/07/21,0.0,23.9,59.0 F,2.439072948071346,sun
2015/07/22,0.0,,57.019999999999996 F,2.8021906878372302,sun
2015/07/23,0.0,,57.92 F,1.919782221479049,Sun
2015/07/24,nan,22.8,55.94 F,3.801332534777901,Fog
2015/07/25,nan,21.1,57.92 F,2.4313942230989505,f.
2015/07/26,2.0,22.2,57.019999999999996 F,2.625884196445746,Fog
2015/07/27,0.0,23.3,53.96 F,1.9379783838148843,f.
2015/07/28,0.0,,57.019999999999996 F,3.420204231858993,s.
2015/07/29,0.0,32.2,57.92 F,3.804706420945272,s.
2015/07/30,0.0,34.4,62.96 F,3.5138295985244152,sun
2015/07/31,0.0,34.4,64.03999999999999 F,2.6211765258652724,s
2015/08/01,0.0,,60.08 F,3.118532370028443,Sun
2015/08/02,nan,30.6,60.980000000000004 F,2.0061131053842614,s.
2015/08/03,nan,28.3,62.96 F,2.322762889226098,s
2015/08/04,0.0,26.1,57.92 F,2.6047017707632563,f.
2015/08/05,0.0,,53.96 F,3.5108996774656243,sun
2015/08/06,0.0,,59.0 F,2.9094457294335205,s.
2015/08/07,0.0,28.3,60.08 F,3.7253625058992976,Sun
2015/08/08,0.0,25.0,60.08 F,3.6239767351594097,f
2015/08/09,0.0,,59.0 F,2.217188734244759,sun
2015/08/10,0.0,28.9,60.980000000000004 F,2.432213787924491,s.
2015/08/11,0.0,30.0,62.06 F,4.417871082935155,Sun
2015/08/12,7.6,28.3,62.06 F,2.7370587300102867,Rain
2015/08/13,0.0,28.3,60.08 F,2.219829778835072,sun
2015/08/14,30.5,,59.0 F,5.209423835411711,Rain
2015/08/15,0.0,21.7,57.019999999999996 F,3.728811172895041,Sun
2015/08/15,0.0,21.7,57.019999999999996 F,3.728811172895041,Sun
2015/08/16,0.0,,57.92 F,3.7004363719751714,Sun
2015/08/17,0.0,27.2,57.019999999999996 F,3.0127840543952455,Sun
2015/08/18,0.0,30.0,59.0 F,3.0352475592110566,s.
2015/08/19,0.0,31.7,60.980000000000004 F,2.1009966873834487,drizzle
2015/08/20,nan,22.8,57.92 F,4.224243851490856,f
2015/08/21,0.0,22.2,57.92 F,2.6082041108647624,s
2015/08/22,0.0,26.7,53.96 F,2.5264365880018973,Drizzle
2015/08/23,nan,,57.019999999999996 F,1.802442057321785,driz.
2015/08/24,0.0,23.9,53.96 F,2.309801393108288,Sun
2015/08/25,0.0,25.6,53.96 F,3.4320376847379017,Sun
2015/08/26,0.0,28.3,57.019999999999996 F,1.7196350993509926,s.
2015/08/27,0.0,29.4,57.92 F,2.1199968838571746,sun
2015/08/28,0.5,,60.08 F,2.638187865901317,f
2015/08/29,32.5,22.2,55.94 F,5.834518545057299,f.
2015/08/30,10.2,20.0,55.040000000000006 F,4.72667837178589,f
2015/08/31,0.0,,60.980000000000004 F,5.8210502339841925,s.
2015/09/01,5.8,,57.019999999999996 F,5.021720457628685,f.
2015/09/02,0.0,19.4,51.980000000000004 F,3.815749579103848,Sun
2015/09/03,0.0,18.3,51.08 F,2.9193797707141096,sun
2015/09/04,0.0,,50.0 F,2.926881366094539,s
2015/09/05,0.3,20.6,48.019999999999996 F,3.515477275157413,sun
2015/09/06,5.3,16.1,53.06 F,2.433499918164922,Fog
2015/09/07,0.3,21.1,55.94 F,1.5003753704975544,f.
2015/09/08,0.0,,55.94 F,2.4104272255770556,s
2015/09/09,0.0,24.4,57.019999999999996 F,3.328030626298867,sun
2015/09/10,0.0,25.0,57.92 F,3.6265450619139328,f
2015/09/11,0.0,,59.0 F,3.106868424561705,s
2015/09/12,0.0,26.7,57.92 F,2.1187064068049652,s
2015/09/13,0.5,,55.040000000000006 F,3.0116504077425823,fog
2015/09/14,0.0,16.7,51.08 F,3.4280083774105035,s
2015/09/15,0.0,17.8,50.0 F,2.807370046670247,sun
2015/09/16,nan,20.0,50.0 F,1.925265687605369,s.
2015/09/17,1.8,,55.040000000000006 F,3.813047744301079,fog
2015/09/18,0.0,19.4,55.040000000000006 F,2.6008040787528337,Sun
2015/09/19,0.0,21.1,57.92 F,4.316651914326048,s
2015/09/20,4.1,,53.96 F,6.808129807442794,Fog
2015/09/21,0.0,18.3,48.92 F,2.710987031497926,Fog
2015/09/22,0.0,18.9,46.04 F,2.012478253951889,s.
2015/09/23,0.0,20.6,46.94 F,1.8389341138014468,s.
2015/09/24,0.0,22.2,51.980000000000004 F,2.5210163914365977,fog
2015/09/24,0.0,22.2,51.980000000000004 F,2.5210163914365977,fog
2015/09/25,2.0,15.6,55.040000000000006 F,2.601317172153118,fog
2015/09/26,0.0,18.3,50.0 F,2.708683840342743,s
2015/09/27,0.0,,44.96 F,3.8089535189931167,Sun
2015/09/28,0.0,21.1,48.92 F,5.1168946241654325,s.
2015/09/29,0.0,,48.019999999999996 F,1.9111439955081477,s.
2015/09/30,0.0,18.3,50.0 F,1.3166590689180944,f
2015/10/01,0.0,21.1,48.92 F,1.3331795175301338,f.
2015/10/02,0.0,,50.0 F,2.9148389903541854,Fog
2015/10/03,0.0,,51.980000000000004 F,4.815210567779956,Sun
2015/10/04,nan,22.8,50.0 F,3.7063533150016696,s
2015/10/05,0.0,23.3,48.92 F,1.6340889716679867,Sun
2015/10/06,0.0,18.3,50.0 F,2.612770924197973,drizzle
2015/10/07,9.9,,57.019999999999996 F,2.238737179466316,Fog
2015/10/08,0.0,18.9,55.94 F,1.1020717931686281,fog
2015/10/09,0.3,19.4,53.96 F,2.635604179146652,f.
2015/10/10,28.7,21.1,55.94 F,4.739242505299735,fog
2015/10/11,0.0,,51.08 F,2.6274523006621657,s
2015/10/12,4.6,18.3,51.08 F,2.833942749675226,f
2015/10/13,1.3,16.7,48.92 F,3.212379989563259,f
2015/10/14,0.0,,50.0 F,5.023584903627092,f
2015/10/15,0.0,21.1,48.92 F,3.4090011079277165,f
2015/10/16,0.0,20.0,48.019999999999996 F,1.3031791620041115,Sun
2015/10/17,nan,19.4,53.06 F,1.3050872916435072,f.
2015/10/18,3.8,15.0,55.040000000000006 F,2.010566509149253,fog
2015/10/19,0.3,17.2,53.96 F,2.637508748559423,fog
2015/10/20,0.0,17.8,51.08 F,1.8344767005685916,f.
2015/10/21,0.0,16.1,46.94 F,1.3317063318011502,f
2015/10/22,0.0,16.1,48.019999999999996 F,2.726998018622958,f
2015/10/23,0.0,,44.96 F,2.613510928011426,fog
2015/10/24,0.0,15.0,48.019999999999996 F,2.9189809139439986,f
2015/10/25,8.9,,48.019999999999996 F,3.4274498960504873,Rain
2015/10/26,6.9,12.2,50.0 F,4.633072703045706,Fog
2015/10/27,0.0,16.1,46.04 F,1.7035150335630396,Fog
2015/10/28,3.3,,51.980000000000004 F,2.826306919292726,f.
2015/10/29,1.8,15.0,53.96 F,4.725828520454208,f.
2015/10/30,19.3,17.2,53.06 F,6.709120408634051,Fog
2015/10/31,nan,15.6,53.06 F,7.211163017546909,f.
2015/11/01,26.2,12.2,48.019999999999996 F,6.014267636000022,Fog
2015/11/02,0.3,11.1,44.96 F,2.812267467598807,f
2015/11/03,nan,10.6,41.0 F,1.41559693679685,f.
2015/11/03,nan,10.6,41.0 F,1.41559693679685,f.
2015/11/04,0.0,10.0,37.94 F,2.2323094332345317,Sun
2015/11/05,1.3,11.7,46.04 F,2.3301392345789056,f.
2015/11/06,0.0,15.6,46.94 F,2.717676533967704,fog
2015/11/07,12.7,12.2,48.92 F,3.0310053184802874,fog
2015/11/08,6.6,,46.04 F,1.8010835748963774,Fog
2015/11/09,3.3,10.0,41.0 F,1.3280954173889237,Fog
2015/11/10,nan,11.1,39.019999999999996 F,3.928439834503859,Fog
2015/11/11,1.5,11.1,42.980000000000004 F,4.631708888205814,sun
2015/11/12,9.9,11.1,41.0 F,5.111800469610392,f.
2015/11/13,33.5,,48.92 F,6.527318370199262,fog
2015/11/14,47.2,9.4,42.980000000000004 F,4.526047873031947,Fog
2015/11/15,22.4,8.9,35.96 F,4.102651985009167,Fog
2015/11/16,2.0,,35.06 F,4.008183785759907,Fog
2015/11/17,29.5,13.3,44.06 F,8.029061698529784,Fog
2015/11/18,1.5,8.9,37.94 F,3.8351250357706914,Sun
2015/11/19,2.0,8.9,37.04 F,4.212935110168698,Sun
2015/11/20,0.0,8.3,33.08 F,4.024812232585025,f
2015/11/21,0.0,8.9,33.08 F,4.700793578507145,s
2015/11/22,0.0,10.0,35.06 F,3.1072649015947778,f
2015/11/23,3.0,6.7,32.0 F,1.3018156454643417,fog
2015/11/24,7.1,6.7,37.04 F,4.507815366641737,f.
2015/11/25,0.0,7.2,32.0 F,5.728381893920282,Sun
2015/11/26,0.0,9.4,30.2 F,4.328494786335434,s
2015/11/27,0.0,,29.12 F,3.0114343485000643,sun
2015/11/28,0.0,7.2,27.14 F,1.0261454594361754,s.
2015/11/29,0.0,1.7,28.22 F,0.9223049555254066,Fog
2015/11/30,nan,5.6,25.16 F,1.7297422409810608,Fog
2015/12/01,12.2,10.0,39.019999999999996 F,3.520836829479341,f.
2015/12/02,2.5,10.6,39.92 F,5.031917279711976,f.
2015/12/03,12.7,15.6,46.04 F,5.918456883051654,f.
2015/12/04,2.0,10.6,42.980000000000004 F,4.7026790426486675,fog
2015/12/05,15.7,10.0,42.980000000000004 F,4.012153147974127,f
2015/12/06,11.2,12.8,44.96 F,5.934509081807963,Fog
2015/12/07,nan,,46.94 F,3.41537291862342,f
2015/12/08,nan,15.6,50.0 F,6.216526780057167,f.
2015/12/09,13.5,12.2,46.04 F,6.330301678463588,Fog
2015/12/10,9.4,11.7,42.980000000000004 F,7.513206641404276,Fog
2015/12/11,0.3,,39.92 F,2.818758340410688,s
2015/12/12,16.0,8.9,42.08 F,5.614482217063654,f
2015/12/13,nan,7.8,42.980000000000004 F,6.137900355726421,Sun
2015/12/13,nan,7.8,42.980000000000004 F,6.137900355726421,Sun
2015/12/14,0.0,7.8,35.06 F,1.7234679453580697,sun
2015/12/15,1.5,6.7,33.98 F,2.9113056777499904,f.
2015/12/16,3.6,,37.04 F,2.335978203808906,f
2015/12/17,21.8,6.7,39.019999999999996 F,6.009169357676069,Fog
2015/12/18,18.5,8.9,39.92 F,5.139792742143714,f
2015/12/19,0.0,8.3,37.04 F,4.117985897368815,Fog
2015/12/20,4.3,,39.92 F,6.702836012793201,fog
2015/12/21,27.4,5.6,37.04 F,4.323723701938125,f
2015/12/22,4.6,7.8,37.04 F,5.002598716056154,Fog
2015/12/23,6.1,5.0,37.04 F,7.60486401513943,f
2015/12/24,2.5,5.6,35.96 F,4.320902059182364,Fog
2015/12/25,5.8,5.0,35.96 F,1.532021761013296,f.
2015/12/26,0.0,4.4,32.0 F,2.5014434384443627,Sun
2015/12/27,8.6,4.4,35.06 F,2.9271532919152334,Fog
2015/12/28,1.5,5.0,35.06 F,1.3141640832843893,Fog
2015/12/29,0.0,7.2,33.08 F,2.6036825216505752,Fog
2015/12/30,0.0,5.6,30.2 F,3.4364215711795394,s.
2015/12/31,0.0,,28.22 F,3.517034665872985,sun
